FID,Join_Count,TARGET_FID,objectid,statecode,statename,state_ut,distcode,distname,distarea,totalpopul,totalhh,totpopmale,totpopfema,st_areasha,st_lengths,pointid,grid_code
0,5391,0,1,05,Uttarakhand,STATE,066,Nainital,4251,954605,191383,493666,460939,5322546065,506182.696,384202,64.35939789
1,4175,1,2,05,Uttarakhand,STATE,060,Dehradun,3088,1696694,347001,892199,804495,4177235502,578188.6816,251916,43.8708992
2,4171,2,3,05,Uttarakhand,STATE,064,Almora,3144,622506,140577,291081,331425,4140751141,463454.2258,346453,43.89199829
3,2323,3,4,05,Uttarakhand,STATE,065,Champawat,1766,259648,53953,131125,128523,2294297184,314508.0106,393694,52.83879852
4,10785,4,5,05,Uttarakhand,STATE,056,Uttarkashi,8016,330086,67602,168597,161489,10851662987,786425.589,221043,22.75839996
5,7114,5,6,05,Uttarakhand,STATE,061,Garhwal,5329,687271,161778,326829,360442,7059351932,481276.4404,317604,47.06919861
6,3093,6,7,05,Uttarakhand,STATE,068,Hardwar,2360,1890422,338104,1005295,885127,3073415497,335407.0048,319189,75.95960236
7,2620,7,8,05,Uttarakhand,STATE,058,Rudraprayag,1984,242285,53542,114589,127696,2616931451,284252.2365,266722,31.42650032
8,5297,8,9,05,Uttarakhand,STATE,059,Tehri Garhwal,3642,618931,132714,297986,320945,5288144934,636391.9214,261199,30.98819923
9,3053,9,10,05,Uttarakhand,STATE,063,Bageshwar,2241,259898,58046,124326,135572,3040127187,363633.0404,311857,31.19029999
10,9551,10,11,05,Uttarakhand,STATE,062,Pithoragarh,7090,483439,114730,239306,244133,9526095144,722224.4072,266850,20.85820007
11,10634,11,12,05,Uttarakhand,STATE,057,Chamoli,8030,391605,88964,193991,197614,10635391810,604805.9337,246747,26.15880013
12,3412,12,13,05,Uttarakhand,STATE,067,Udham Singh Nagar,2542,1648902,308581,858783,790119,3341594516,656833.424,410008,68.19419861
13,8994,13,14,02,Himachal Pradesh,STATE,023,Chamba,6522,519080,102460,261320,257760,9185591684,629217.851,112403,24.68910027
14,7029,14,15,02,Himachal Pradesh,STATE,033,Shimla,5131,814010,184362,425039,388971,7083558226,621576.6695,204773,29.21080017
15,1593,15,16,02,Himachal Pradesh,STATE,030,Bilaspur,1167,381956,80485,192764,189192,1607588687,256604.2174,211771,49.19039917
16,7840,16,17,02,Himachal Pradesh,STATE,024,Kangra,5739,1510075,338887,750591,759484,7979085247,617681.6755,164842,23.28019905
17,19047,17,18,02,Himachal Pradesh,STATE,025,Lahul & Spiti,13841,31564,6674,16588,14976,19492308299,1047643.044,108772,23.59869957
18,2114,18,19,02,Himachal Pradesh,STATE,029,Una,1540,521173,110332,263692,257481,2129811006,254331.6305,195548,46.1894989
19,2637,19,20,02,Himachal Pradesh,STATE,031,Solan,1936,580320,122425,308754,271566,2648305390,338067.6326,226044,39.64599991
20,3841,20,21,02,Himachal Pradesh,STATE,032,Sirmaur,2825,529855,98208,276289,253566,3844045545,402405.0592,250049,38.56340027
21,8770,21,22,02,Himachal Pradesh,STATE,034,Kinnaur,6401,84121,19976,46249,37872,8962850808,564893.9842,183930,19.15730095
22,5422,22,23,02,Himachal Pradesh,STATE,027,Mandi,3950,999777,219145,498065,501712,5471953521,365784.1522,183705,33.48160172
23,7570,23,24,02,Himachal Pradesh,STATE,026,Kullu,5503,437903,94807,225452,212451,7668474793,460006.0525,167530,22.58270073
24,5829,24,114,23,Madhya Pradesh,STATE,420,Bhind,4459,1703005,299233,926843,776162,5599560037,647870.9563,960304,87.02500153
25,4394,25,115,23,Madhya Pradesh,STATE,464,Jhabua,3600,1025048,194157,515023,510025,4109222044,357207.7935,2091996,35.25970078
26,10920,26,116,23,Madhya Pradesh,STATE,456,Seoni,8758,1379131,314767,695879,683252,10151109397,773009.5996,2182461,37.1169014
27,9506,27,117,23,Madhya Pradesh,STATE,466,Khandwa (East Nimar),7352,1310061,266655,674329,635732,8815835623,654182.4539,2335828,49.76200104
28,5827,28,118,23,Madhya Pradesh,STATE,431,Umaria,4076,644758,145024,330674,314084,5463697368,502430.2581,1819606,36.34339905
29,1536,29,25,02,Himachal Pradesh,STATE,028,Hamirpur,1118,454768,105519,217070,237698,1555925772,206144.015,194125,34.10889816
30,3848,30,27,01,Jammu & Kashmir,STATE,014,Anantnag,3574,1078692,153640,559767,518925,3984677613,406722.877,41398,48.02590179
31,2749,31,28,01,Jammu & Kashmir,STATE,008,Baramula,4243,1008039,152635,534733,473306,2862769251,341439.8381,32200,53.04460144
32,1677,32,29,01,Jammu & Kashmir,STATE,015,Kulgam,410,424483,73728,217620,206863,1733604877,314935.7933,70798,51.52280045
33,631,33,30,01,Jammu & Kashmir,STATE,013,Shupiyan,312,266215,44411,136480,129735,656072456.2,184121.2697,71937,51.2867012
34,2916,34,31,01,Jammu & Kashmir,STATE,020,Reasi,1719,314667,56689,166461,148206,2999405912,364442.9202,92345,43.36289978
35,3445,35,32,01,Jammu & Kashmir,STATE,006,Rajouri,2630,642415,130401,345351,297064,3584822783,345780.8562,89508,42.9408989
36,2882,36,33,01,Jammu & Kashmir,STATE,021,Jammu,2342,1529958,314199,813821,716137,2976049708,506794.8377,124746,43.42419815
37,720,37,35,01,Jammu & Kashmir,STATE,010,Srinagar,1979,1236829,191678,651124,585705,749360920.7,176791.125,45553,55.64569855
38,2774,38,36,01,Jammu & Kashmir,STATE,005,Punch,1674,476835,90261,251899,224936,2877241713,324570.4892,60353,49.24950027
39,3977,39,37,01,Jammu & Kashmir,STATE,001,Kupwara,2379,870354,113929,474190,396164,4181579916,342158.0028,8367,50.46110153
40,1148,40,38,01,Jammu & Kashmir,STATE,022,Samba,904,318898,65385,169124,149774,1176454840,247984.5002,142277,45.38750076
41,4211,41,39,01,Jammu & Kashmir,STATE,009,Bandipore,345,392232,58392,207680,184552,4400529879,449556.2863,8394,56.82279968
42,3758,42,40,01,Jammu & Kashmir,STATE,007,Kathua,2502,616435,119583,326109,290326,3837460425,345297.2349,135152,35.81600189
43,11060,43,42,01,Jammu & Kashmir,STATE,018,Kishtwar,1644,230696,45209,120165,110531,11422604763,629349.1051,43246,39.00960159
44,5296,44,43,24,Gujarat,STATE,472,Sabar Kantha,7394,2428589,481414,1244231,1184358,4992212111,603103.1197,1697585,49.37369919
45,13645,45,44,24,Gujarat,STATE,469,Banas Kantha,10743,3120506,560411,1610379,1510127,12877587783,876542.2415,1637127,53.11000061
46,11653,46,45,24,Gujarat,STATE,475,Surendranagar,10423,1756268,343213,909917,846351,10875599675,938543.3859,1999680,39.2179985
47,3549,47,46,24,Gujarat,STATE,482,Anand,3204,2092745,427605,1087224,1005521,3304571210,374182.6015,2243643,33.02099991
48,3538,48,47,24,Gujarat,STATE,487,Narmada,2817,590297,122174,301086,289211,3280261720,397204.7224,2433123,32.20149994
49,9202,49,48,24,Gujarat,STATE,480,Amreli,7397,1514190,294837,771049,743141,8531643156,699638.1509,2442412,34.83330154
50,4620,50,49,24,Gujarat,STATE,485,Dohad,3642,2127086,334272,1068651,1058435,4305609583,400927.9487,2063307,37.04050064
51,3281,51,50,01,Jammu & Kashmir,STATE,016,Doda,8912,409936,79636,213641,196295,3369587739,310667.3078,99206,40.68249893
52,1162,52,51,01,Jammu & Kashmir,STATE,012,Pulwama,1086,560440,86241,293064,267376,1205227252,213364.3681,53233,59.2867012
53,5235,53,52,24,Gujarat,STATE,486,Vadodara,7546,4165626,877106,2153736,2011890,4881354285,529369.6208,2222680,31.65780067
54,4160,54,53,24,Gujarat,STATE,#N/A,Aravali,0,0,0,0,0,3897128995,432209.4626,1878893,40.82960129
55,5916,55,119,23,Madhya Pradesh,STATE,421,Gwalior,4560,2032036,383845,1090327,941709,5674374173,443022.4767,1112997,77.66470337
56,9366,56,120,23,Madhya Pradesh,STATE,428,Damoh,7306,1264219,297608,661873,602346,8814364412,709754.9685,1712388,38.44340134
57,10299,57,121,23,Madhya Pradesh,STATE,438,Dhar,8153,2185793,425914,1112725,1073068,9597649325,662943.3577,2126021,39.3810997
58,6405,58,122,23,Madhya Pradesh,STATE,450,Katni,4950,1292042,289551,662013,630029,6023024702,706709.8051,1808688,36.42240143
59,5817,59,123,23,Madhya Pradesh,STATE,462,Sidhi,4851,1127033,238448,575912,551121,5491510813,539637.5192,1663799,55.58470154
60,4194,60,124,23,Madhya Pradesh,STATE,465,Alirajpur,3182,728999,123800,362542,366457,3897409601,482364.3128,2269293,34.46009827
61,7650,61,125,23,Madhya Pradesh,STATE,463,Singrauli,5675,1178273,243925,613637,564636,7217482413,525537.4575,1640684,58.19499969
62,3527,62,126,23,Madhya Pradesh,STATE,444,Bhopal,2772,2371061,501805,1236130,1134931,3303064984,421380.6106,1884814,54.44029999
63,1425,63,54,01,Jammu & Kashmir,STATE,017,Ramban,1329,283713,55490,149132,134581,1465390593,208471.4135,87364,47.67110062
64,2043,64,55,01,Jammu & Kashmir,STATE,011,Ganderbal,259,297446,45361,158720,138726,2123602737,320506.9207,26747,47.24399948
65,3283,65,56,01,Jammu & Kashmir,STATE,019,Udhampur,2637,554985,99240,296784,258201,3357027366,312968.7978,114113,45.57540131
66,1593,66,57,01,Jammu & Kashmir,STATE,002,Badgam,1361,753745,103363,398041,355704,1644017438,216708.604,53187,54.78829956
67,7907,67,127,23,Madhya Pradesh,STATE,442,Rajgarh,6153,1545814,345297,790212,755602,7436722309,512153.0883,1757904,53.81990051
68,9239,68,128,23,Madhya Pradesh,STATE,454,Mandla,5800,1054905,250146,525272,529633,8617188038,761759.1354,2116220,32.26079941
69,7896,69,129,23,Madhya Pradesh,STATE,436,Shajapur,6195,1512681,300025,780520,732161,7422000132,792386.1994,1745405,51.42169952
70,13578,70,130,23,Madhya Pradesh,STATE,423,Shivpuri,10066,1726050,359969,919795,806255,12928462557,867222.6145,1262369,64.9076004
71,3261,71,131,23,Madhya Pradesh,STATE,422,Datia,2902,786754,160215,420157,366597,3116409855,439049.4288,1133738,67.32160187
72,7415,72,132,23,Madhya Pradesh,STATE,460,Shahdol,6205,1066063,251452,540021,526042,6965367919,646420.916,1761009,39.40859985
73,9320,73,133,23,Madhya Pradesh,STATE,443,Vidisha,7371,1458875,299676,769568,689307,8771245424,750085.3169,1738219,51.27519989
74,21524,74,134,28,Andhra Pradesh,STATE,549,Prakasam,17626,3397448,860463,1714764,1682684,19236048875,817755.6319,3486121,28.92250061
75,10538,75,135,28,Andhra Pradesh,STATE,547,Krishna,8727,4517398,1243293,2267375,2250023,9453886345,841186.8111,3379174,30.92519951
76,3984,76,176,19,West Bengal,STATE,338,Hugli,3149,5519145,1287423,2814653,2704492,3723796524,480214.2336,2098863,62.88079834
77,3040,77,604,09,Uttar Pradesh,STATE,178,Ambedkar Nagar,2350,2397888,368728,1212410,1185478,2923350660,376224.9733,1007961,88.01360321
78,3910,78,605,09,Uttar Pradesh,STATE,193,Ballia,2981,3239774,480268,1672902,1566872,3732105808,447736.355,1166432,75.55500031
79,3777,79,606,09,Uttar Pradesh,STATE,164,Kanpur Nagar,3155,4581268,863338,2459806,2121462,3628023020,464145.4579,910719,87.37539673
80,1306,80,607,09,Uttar Pradesh,STATE,198,Sant Ravidas Nagar (Bhadohi),1015,1578213,222403,807099,771114,1239416017,281661.524,1387500,93.60600281
81,114,81,58,25,Daman & Diu,UNION TERRITORY,495,Daman,72,191173,50376,124659,66514,106107944.3,56903.63349,2818814,25.20400047
82,59,82,59,25,Daman & Diu,UNION TERRITORY,494,Diu,39,52074,10580,25642,26432,56507329.98,41039.18254,2763134,36.83169937
83,8442,83,60,24,Gujarat,STATE,481,Bhavnagar,10034,2880365,538605,1490201,1390164,7849935787,477822.6572,2418485,31.40740013
84,8969,84,61,24,Gujarat,STATE,474,Ahmadabad,8107,7214225,1510134,3788051,3426174,8571705758,972834.2482,2007654,39.21829987
85,4371,85,62,24,Gujarat,STATE,#N/A,Chhota Udaipur,0,0,0,0,0,4063059413,500846.1781,2290235,32.79380035
86,3300,86,63,24,Gujarat,STATE,#N/A,Batod,0,0,0,0,0,3077604116,411917.8786,2337679,35.96350098
87,9629,87,64,24,Gujarat,STATE,476,Rajkot,11198,3804558,786586,1974445,1830113,8928361193,893326.4894,2280481,36.55810165
88,54028,88,65,24,Gujarat,STATE,468,Kachchh,45674,2092371,445672,1096737,995634,51032477296,2151822.872,1643943,50.31110001
89,21600,89,143,28,Andhra Pradesh,STATE,552,Kurnool,17658,4053463,887652,2039227,2014236,19278395626,880841.2844,3502964,29.02739906
90,14039,90,144,28,Andhra Pradesh,STATE,548,Guntur,11391,4887813,1296609,2440521,2447292,12580731723,760084.2142,3420371,29.97089958
91,7593,91,145,28,Andhra Pradesh,STATE,543,Vizianagaram,6539,2344474,587149,1161477,1182997,6882047325,775372.7835,3069207,31.09490013
92,23261,92,146,28,Andhra Pradesh,STATE,553,Anantapur,19130,4081148,968160,2064495,2016653,20675559464,1354530.923,3595483,29.55660057
93,9606,93,147,28,Andhra Pradesh,STATE,546,West Godavari,7742,3936966,1091525,1964918,1972048,8643184909,570979.3827,3332625,30.20120049
94,18118,94,148,28,Andhra Pradesh,STATE,551,Kadapa(YSR),15359,2882469,706204,1451777,1430692,16110164090,779629.1042,3595638,27.13579941
95,3543,95,149,32,Kerala,STATE,589,Kannur,2961,2523003,554298,1181446,1341557,3124549829,347990.1793,3837813,18.8227005
96,3148,96,150,32,Kerala,STATE,599,Pathanamthitta,2652,1197412,322684,561716,635696,2740941112,397630.9529,3996549,19.76119995
97,1641,97,151,32,Kerala,STATE,598,Alappuzha,1415,2127789,535958,1013142,1114647,1481035085,296301.4183,3980598,21.08609962
98,3624,98,152,32,Kerala,STATE,595,Ernakulam,3063,3282388,814011,1619557,1662831,3190755338,413640.7573,3962551,22.7241993
99,2959,99,153,32,Kerala,STATE,600,Kollam,2483,2635375,669375,1246968,1388407,2584904410,352800.7415,4008533,18.18980026
100,2407,100,154,32,Kerala,STATE,588,Kasaragod,1989,1307375,273410,628613,678762,2117463455,332247.869,3799060,19.99530029
101,5173,101,155,32,Kerala,STATE,596,Idukki,4356,1108974,279812,552808,556166,4515379702,560565.2116,3959506,20.05470085
102,2155,102,66,24,Gujarat,STATE,489,The Dangs,1766,228291,44699,113821,114470,1983747936,220035.2625,2705142,29.78800011
103,5596,103,67,24,Gujarat,STATE,471,Mahesana,4401,2035064,424479,1056520,978544,5249340838,613938.7332,1818614,44.37639999
104,7111,104,68,24,Gujarat,STATE,470,Patan,5792,1343734,267633,694397,649337,6702785851,811003.2358,1802232,46.15650177
105,6659,105,69,24,Gujarat,STATE,488,Bharuch,6509,1551019,333483,805707,745312,6197482668,618713.6503,2391750,34.09090042
106,4713,106,70,24,Gujarat,STATE,#N/A,Gir Somnath,0,0,0,0,0,4345632151,392234.7344,2641043,35.00170135
107,6351,107,71,24,Gujarat,STATE,479,Junagadh,8831,2743082,527326,1404356,1338726,5863971426,568597.2393,2543952,35.38890076
108,5395,108,72,24,Gujarat,STATE,#N/A,Devbhumi Dwarka,0,0,0,0,0,5046145839,699465.2387,2301540,33.64419937
109,2731,109,73,24,Gujarat,STATE,490,Navsari,2246,1329672,295131,678165,651507,2528231982,320109.8813,2691848,35.020401
110,5447,110,74,24,Gujarat,STATE,492,Surat,4549,6081322,1333200,3402224,2679098,5029467407,542938.3796,2572612,34.99340057
111,8030,111,75,24,Gujarat,STATE,477,Jamnagar,14184,2160119,430941,1114192,1045927,7477013734,866036.7745,2188729,38.56650162
112,4023,112,76,24,Gujarat,STATE,493,Tapi,3139,807022,177091,402188,404834,3714847922,566188.5373,2572761,34.3105011
113,4299,113,77,24,Gujarat,STATE,483,Kheda,3953,2299885,466856,1185727,1114158,4018519082,454811.4028,2102273,34.60960007
114,12593,114,78,23,Madhya Pradesh,STATE,447,Betul,10043,1575362,329832,799236,776126,11687486714,774434.1736,2338463,46.02209854
115,8452,115,79,23,Madhya Pradesh,STATE,449,Hoshangabad,6703,1241350,257199,648725,592625,7877390575,630268.9522,2172394,42.92900085
116,8304,116,80,23,Madhya Pradesh,STATE,445,Sehore,6578,1311332,257311,683743,627589,7772165955,962127.4661,1954947,55.61999893
117,6469,117,81,23,Madhya Pradesh,STATE,451,Jabalpur,5211,2463289,539060,1277278,1186011,6055609986,644530.4268,1974009,32.89170074
118,6503,118,82,23,Madhya Pradesh,STATE,452,Narsimhapur,5133,1091854,250286,568810,523044,6076781540,625468.0972,2089882,38.02310181
119,9033,119,83,23,Madhya Pradesh,STATE,426,Panna,7135,1016520,228709,533480,483040,8527192961,842493.3422,1534549,45.53620148
120,7813,120,84,23,Madhya Pradesh,STATE,435,Ujjain,6091,1986864,391438,1016289,970575,7326567348,800471.0294,1927843,40.65579987
121,8141,121,85,23,Madhya Pradesh,STATE,430,Rewa,6314,2365106,526065,1225100,1140006,7714752360,717160.8813,1500095,62.95270157
122,7175,122,86,23,Madhya Pradesh,STATE,453,Dindori,7470,704524,169630,351913,352611,6702253224,637947.5251,2053668,31.83060074
123,11719,123,87,23,Madhya Pradesh,STATE,457,Balaghat,9229,1701698,391836,842178,859520,10883231000,722534.3712,2338778,32.46340179
124,6785,124,88,23,Madhya Pradesh,STATE,441,Barwani,5427,1385881,243277,699340,686541,6292701983,530854.5278,2416440,39.04150009
125,2856,125,89,24,Gujarat,STATE,478,Porbandar,2316,585449,124556,300209,285240,2670394843,431624.8874,2461158,36.48040009
126,3662,126,90,24,Gujarat,STATE,491,Valsad,3008,1705678,364403,887222,818456,3361346293,483008.4199,2763169,33.34740067
127,2703,127,91,24,Gujarat,STATE,473,Gandhinagar,2140,1391753,289990,723864,667889,2526771756,437589.3364,1989132,41.7723999
128,3178,128,92,24,Gujarat,STATE,#N/A,Mahisagar,0,0,0,0,0,2974571915,364967.9081,2023815,37.47869873
129,6113,129,93,24,Gujarat,STATE,#N/A,Morbi,0,0,0,0,0,5717063886,541314.9269,2102032,35.72169876
130,4193,130,94,24,Gujarat,STATE,484,Panch Mahals,5231,2390776,446611,1226961,1163815,3921607052,438197.5678,2133633,34.5970993
131,2828,131,156,32,Kerala,STATE,591,Kozhikode,2345,3086293,697710,1470942,1615351,2482265396,295424.8529,3873055,17.57850075
132,2580,132,157,32,Kerala,STATE,597,Kottayam,2206,1974551,487296,968289,1006262,2278027263,308270.5525,3982005,19.8913002
133,3616,133,158,32,Kerala,STATE,594,Thrissur,3027,3121200,759210,1480763,1640437,3166888474,396474.1709,3935080,19.9272995
134,5371,134,159,32,Kerala,STATE,593,Palakkad,4482,2809934,637220,1359478,1450456,4694732049,541432.8085,3908403,22.39299965
135,2631,135,160,32,Kerala,STATE,601,Thiruvananthapuram,2189,3301427,837877,1581678,1719749,2286962739,274078.6304,4016641,22.72130013
136,4223,136,161,32,Kerala,STATE,592,Malappuram,3554,4112920,793999,1960328,2152592,3711173826,404979.7133,3891263,19.38059998
137,2425,137,162,32,Kerala,STATE,590,Wayanad,2130,817420,190894,401684,415736,2126951333,267344.4806,3861653,17.20840073
138,33,138,163,31,Lakshadweep,UNION TERRITORY,587,Lakshadweep,30,64473,11574,33123,31350,220671404.6,281788.694,3880637,21.6298008
139,5609,139,164,11,Sikkim,STATE,241,North District,4226,43709,8873,24730,18979,5473101683,362363.4438,599897,13.65320015
140,672,140,224,10,Bihar,STATE,228,Sheikhpura,689,636342,100701,329743,306599,637133818.6,197691.4812,1478910,66.12999725
141,1100,141,225,10,Bihar,STATE,239,Jehanabad,931,1125313,181740,585582,539731,1035047769,238453.404,1462326,70.44709778
142,2068,142,226,10,Bihar,STATE,214,Saharsa,1687,1900661,368979,997174,903487,1972952037,315882.9678,1212733,46.6330986
143,602,143,95,26,Dadra & Nagar Haveli,UNION TERRITORY,496,Dadra & Nagar Haveli,491,343709,76458,193760,149949,555788889.9,203537.6931,2840615,22.58690071
144,6081,144,96,23,Madhya Pradesh,STATE,459,Ashoknagar,4674,845071,172680,443837,401234,5747290556,458536.1959,1555743,48.04370117
145,10789,145,97,23,Madhya Pradesh,STATE,446,Raisen,8466,1331597,278895,700358,631239,10096691577,871000.0763,1933571,41.46229935
146,14870,146,98,23,Madhya Pradesh,STATE,455,Chhindwara,11815,2090922,443361,1064468,1026454,13820460557,891405.8256,2223377,37.14429855
147,4269,147,99,10,Bihar,STATE,230,Patna,3202,5838465,975578,3078512,2759953,4078704349,642350.5773,1318933,73.9835968
148,9685,148,100,23,Madhya Pradesh,STATE,429,Satna,7502,2228935,478741,1157495,1071440,9167822886,1019199.73,1500008,53.67160034
149,11265,149,101,23,Madhya Pradesh,STATE,425,Chhatarpur,8687,1762375,356297,936121,826254,10662305701,1034484.71,1425904,50.89490128
150,4926,150,102,23,Madhya Pradesh,STATE,439,Indore,3898,3276697,649540,1699627,1577070,4588947131,572234.6455,2146739,42.83929825
151,6179,151,103,23,Madhya Pradesh,STATE,434,Ratlam,4861,1455069,296683,738241,716828,5804216182,581747.845,1876418,43.39849854
152,4242,152,104,23,Madhya Pradesh,STATE,448,Harda,3334,570465,113379,294838,275627,3941686915,341720.7814,2288274,52.38550186
153,13090,153,105,23,Madhya Pradesh,STATE,427,Sagar,10252,2378458,517850,1256257,1122201,12332719438,1114332.431,1709889,43.47800064
154,5568,154,106,23,Madhya Pradesh,STATE,432,Neemuch,4256,826067,179746,422653,403414,5272492270,693349.5878,1541106,56.64390182
155,6430,155,107,23,Madhya Pradesh,STATE,424,Tikamgarh,5048,1445166,296116,760355,684811,6110820094,861395.5416,1381603,47.82559967
156,8153,156,108,23,Madhya Pradesh,STATE,458,Guna,6390,1241519,244401,649362,592157,7713155438,718044.8937,1522119,53.87450027
157,8883,157,109,23,Madhya Pradesh,STATE,437,Dewas,7020,1563715,308871,805359,758356,8279216674,946746.025,2068753,46.75360107
158,7067,158,110,23,Madhya Pradesh,STATE,433,Mandsaur,5535,1340411,286808,682851,657560,6670109739,621152.5421,1623638,54.27550125
159,10075,159,111,23,Madhya Pradesh,STATE,440,Khargone (West Nimar),8025,1873046,367988,953121,919925,9346560472,743315.9875,2299915,49.18299866
160,8654,160,112,23,Madhya Pradesh,STATE,418,Sheopur,6606,687861,146043,361784,326077,8270931915,631139.87,1159833,65.80319977
161,6613,161,113,23,Madhya Pradesh,STATE,419,Morena,4989,1965970,362646,1068417,897553,6339513413,720458.9146,937139,95.21859741
162,3832,162,136,23,Madhya Pradesh,STATE,467,Burhanpur,3427,757847,146341,388504,369343,3539685571,329089.1863,2568742,45.7016983
163,4924,163,137,23,Madhya Pradesh,STATE,461,Anuppur,3747,749237,170715,379114,370123,4610043126,577836.5215,2035432,27.69309998
164,13020,164,138,28,Andhra Pradesh,STATE,545,East Godavari,10807,5154296,1428528,2569688,2584608,11736192608,756221.6685,3255213,26.24860001
165,13933,165,139,28,Andhra Pradesh,STATE,544,Visakhapatnam,11161,4290589,1097042,2138910,2151679,12609819365,932007.9533,3170269,27.05699921
166,15685,166,140,28,Andhra Pradesh,STATE,550,Sri Potti Sriramulu Nellore,13076,2963557,776854,1492974,1470583,14190329200,673903.2991,3606009,27.15019989
167,18245,167,141,28,Andhra Pradesh,STATE,554,Chittoor,15152,4174064,1039953,2090204,2083860,16143325588,1192411.745,3696214,25.01980019
168,7291,168,142,28,Andhra Pradesh,STATE,542,Srikakulam,5837,2703114,681330,1341738,1361376,6613921925,614746.3983,3066443,32.90409851
169,1236,169,165,11,Sikkim,STATE,244,East District,954,283583,61567,151432,132151,1197867882,161342.3127,776306,17.4769001
170,4858,170,166,19,West Bengal,STATE,336,Nadia,3927,5167600,1232282,2653768,2513832,4560951490,654318.461,1817798,52.54370117
171,2814,171,167,19,West Bengal,STATE,331,Dakshin Dinajpur,2219,1676276,396406,857199,819077,2678070408,373250.7012,1366295,35.72589874
172,920,172,168,11,Sikkim,STATE,243,South District,750,146850,30543,76670,70180,888817105.5,178866.3423,746084,13.67169952
173,6843,173,170,19,West Bengal,STATE,333,Murshidabad,5324,7103807,1570759,3627564,3476243,6674228574,593179.5582,1597045,47.7682991
174,8929,174,171,19,West Bengal,STATE,335,Barddhaman,7024,7717563,1730927,3966889,3750674,8374486029,760690.9083,1888700,61.9178009
175,8828,175,172,19,West Bengal,STATE,339,Bankura,6882,3596674,766902,1838095,1758579,8253627282,506382.9304,1969485,75.66729736
176,7928,176,173,19,West Bengal,STATE,340,Puruliya,6259,2930115,567824,1496996,1433119,7429992742,598316.985,1948050,70.02449799
177,4257,177,174,19,West Bengal,STATE,329,Koch Bihar,3387,2819086,665720,1451542,1367544,4100063956,709979.7477,1044975,36.35369873
178,11818,178,175,19,West Bengal,STATE,344,Paschim Medinipur,9368,5913457,1301610,3007885,2905572,11002635523,744269.5316,2183389,50.6493988
179,1626,179,169,11,Sikkim,STATE,242,West District,1166,136435,28023,70238,66197,1569626674,210308.1302,723495,12.88029957
180,115,180,177,19,West Bengal,STATE,342,Kolkata,185,4496694,1024928,2356766,2139928,107633470.5,54980.09004,2273306,71.74389648
181,4593,181,178,19,West Bengal,STATE,332,Maldah,3733,3988845,846991,2051541,1937304,4365471022,498717.5078,1385434,38.75550079
182,10437,182,179,19,West Bengal,STATE,343,South Twenty Four Parganas,9960,8161961,1781221,4173778,3988183,12627114840,1286543.381,2277977,58.645401
183,4152,183,180,19,West Bengal,STATE,327,Darjiling,3149,1846823,391234,937259,909564,4024427034,465133.1796,836947,19.73089981
184,8087,184,181,19,West Bengal,STATE,328,Jalpaiguri,6227,3872846,868326,1983064,1889782,7797624021,636228.3977,901838,28.45540047
185,4039,185,182,19,West Bengal,STATE,330,Uttar Dinajpur,3140,3007134,605674,1551066,1456068,3872541674,650605.894,1058971,29.88369942
186,5138,186,183,19,West Bengal,STATE,345,Purba Medinipur,4713,5095875,1114170,2629834,2466041,4906493060,397630.3761,2306073,50.8144989
187,1822,187,184,19,West Bengal,STATE,341,Haora,1467,4850029,1061336,2500819,2349210,1705041807,270072.3091,2231490,56.47829819
188,4970,188,185,19,West Bengal,STATE,337,North Twenty Four Parganas,4094,10009781,2348683,5119389,4890392,4649541668,570004.6913,2091076,57.62239838
189,5809,189,186,19,West Bengal,STATE,334,Birbhum,4545,3502404,817899,1790920,1711484,5471174756,638008.638,1673764,49.54359818
190,2490,190,187,20,Jharkhand,STATE,363,Jamtara,1811,791042,155275,404830,386212,2353757567,339735.1918,1790448,82.33319855
191,3345,191,188,20,Jharkhand,STATE,369,Saraikela-Kharsawan,2657,1065056,221232,544411,520645,3130680938,377694.6176,2122091,63.78730011
192,4723,192,189,20,Jharkhand,STATE,367,Simdega,3774,599578,118288,300309,299269,4393976906,391751.4127,2226398,42.37590027
193,5227,193,190,20,Jharkhand,STATE,359,Latehar,4291,726978,133381,369666,357312,4924517267,490782.2898,1847357,53.3742981
194,3327,194,191,20,Jharkhand,STATE,365,Khunti,2535,531885,103700,266335,265550,3103776308,396310.8242,2082863,56.42060089
195,9113,195,192,20,Jharkhand,STATE,368,Pashchimi Singhbhum,7224,1502338,302046,749385,752953,8480646644,548333.5832,2202636,52.00830078
196,5255,196,193,20,Jharkhand,STATE,360,Hazaribagh,3555,1734495,304749,890881,843614,4949726827,625573.8644,1696712,69.31490326
197,4871,197,194,20,Jharkhand,STATE,347,Chatra,3718,1042886,182271,533935,508951,4593570338,470172.1967,1689662,65.29910278
198,4507,198,195,20,Jharkhand,STATE,357,Purbi Singhbhum,3562,2293919,476931,1176902,1117017,4206601641,443108.278,2163287,61.51240158
199,2297,199,196,20,Jharkhand,STATE,348,Kodarma,2540,716259,116155,367222,349037,2169719352,350430.47,1606175,66.18789673
200,6576,200,197,20,Jharkhand,STATE,349,Giridih,4962,2445474,396521,1258098,1187376,6211758725,466452.408,1620218,65.03079987
201,3665,201,198,20,Jharkhand,STATE,355,Bokaro,2883,2062330,394918,1072807,989523,3444587579,423289.6254,1861181,67.56680298
202,2982,202,199,20,Jharkhand,STATE,350,Deoghar,2477,1492073,264347,775022,717051,2817738771,317981.6137,1664348,65.70269775
203,6425,203,200,20,Jharkhand,STATE,366,Gumla,5360,1025213,188988,514390,510823,6007087087,517187.6572,1977209,43.82580185
204,1628,204,201,20,Jharkhand,STATE,361,Ramgarh,1341,949443,179375,494230,455213,1526017534,334675.1489,1855671,66.14409637
205,5265,205,202,20,Jharkhand,STATE,346,Garhwa,4093,1322784,254697,683575,639209,4961116725,418447.4737,1687220,55.2881012
206,6482,206,203,20,Jharkhand,STATE,364,Ranchi,5097,2914253,569444,1494937,1419316,6077876585,643886.1847,1942465,57.53519821
207,2324,207,204,20,Jharkhand,STATE,353,Pakur,1811,900422,182317,452661,447761,2203395317,320714.2729,1606391,48.52780151
208,2626,208,227,10,Bihar,STATE,217,Gopalganj,2033,2562012,413044,1267666,1294346,2519790576,368321.2667,1013726,63.62889862
209,2662,209,228,10,Bihar,STATE,220,Vaishali,2036,3495021,626087,1844535,1650486,2536741688,276556.0913,1224013,69.41249847
210,2543,210,229,10,Bihar,STATE,218,Siwan,2219,3330464,535661,1675090,1655374,2432999506,325858.9664,1107804,67.54940033
211,603,211,230,10,Bihar,STATE,205,Sheohar,349,656246,150144,346673,309573,577469555.5,201933.0672,1011084,50.63330078
212,2029,212,231,10,Bihar,STATE,232,Buxar,1703,1706352,261660,887977,818375,1932664193,268555.0425,1324431,69.92040253
213,4578,213,232,10,Bihar,STATE,207,Madhubani,3501,4487379,898515,2329313,2158066,4379596051,551767.2147,1002784,36.98260117
214,3148,214,233,10,Bihar,STATE,208,Supaul,2425,2229076,443073,1155283,1073793,3025457917,431058.9296,1030848,32.63399887
215,3388,215,234,10,Bihar,STATE,231,Bhojpur,2395,2728407,416090,1430380,1298027,3220338284,353508.2913,1307734,69.88529968
216,3207,216,235,10,Bihar,STATE,215,Darbhanga,2279,3937385,803012,2059949,1877436,3079170746,509691.8726,1078682,50.70199966
217,3492,217,236,10,Bihar,STATE,221,Samastipur,2904,4261566,835493,2230003,2031563,3344630796,494345.5518,1201171,58.2030983
218,4258,218,237,10,Bihar,STATE,233,Kaimur (Bhabua),3332,1626384,250884,847006,779378,4039324224,401956.543,1431841,68.61820221
219,4993,219,238,10,Bihar,STATE,234,Rohtas,3881,2959918,460345,1543546,1416372,4748807526,462550.0705,1440157,67.83390045
220,1933,220,239,10,Bihar,STATE,223,Khagaria,1486,1666886,328823,883786,783100,1849855669,318953.1524,1324705,51.78549957
221,2362,221,205,20,Jharkhand,STATE,356,Lohardaga,1502,461790,88638,232629,229161,2212632627,228657.4423,1950471,52.4803009
222,2727,222,206,20,Jharkhand,STATE,352,Sahibganj,2063,1150567,227023,589391,561176,2595569149,299519.5007,1454358,42.56700134
223,2973,223,207,20,Jharkhand,STATE,351,Godda,2266,1313551,253648,677927,635624,2810099168,310266.4713,1487294,44.95069885
224,5688,224,208,20,Jharkhand,STATE,358,Palamu,4393,1939869,358754,1006302,933567,5361920085,482050.1295,1659374,56.10609818
225,786,225,209,10,Bihar,STATE,240,Arwal,638,700843,118222,363497,337346,749779643.8,218749.987,1454019,72.02500153
226,3334,226,210,10,Bihar,STATE,224,Bhagalpur,2569,3037766,564711,1615663,1422103,3173898453,432711.5819,1393565,47.00880051
227,4096,227,211,10,Bihar,STATE,211,Purnia,3229,3264619,647777,1699370,1565249,3921099012,486872.8388,1184206,33.12170029
228,2698,228,212,10,Bihar,STATE,213,Madhepura,1788,2001762,401289,1047559,954203,2569641885,382585.1434,1195563,40.0245018
229,1862,229,240,10,Bihar,STATE,226,Munger,1419,1367765,263171,729041,638724,1773585435,286091.4562,1404546,55.34790039
230,2753,230,241,10,Bihar,STATE,206,Sitamarhi,2294,3423574,736322,1803252,1620322,2656417534,422791.2992,935507,40.04639816
231,5479,231,242,10,Bihar,STATE,204,Purba Champaran,3968,5099371,981516,2681209,2418162,5277423662,543805.9346,894599,48.55089951
232,1504,232,243,10,Bihar,STATE,227,Lakhisarai,1228,1000912,163355,526345,474567,1428193905,246240.8346,1459674,63.83750153
233,3905,233,244,10,Bihar,STATE,238,Jamui,3098,1760405,307082,916064,844341,3695157362,428772.3095,1518365,62.53150177
234,2688,234,245,10,Bihar,STATE,222,Begusarai,1918,2970541,589667,1567660,1402881,2553833885,398750.0531,1305113,56.45909882
235,2728,235,246,10,Bihar,STATE,229,Nalanda,2355,2877653,477529,1497060,1380593,2603187588,396707.3045,1420994,64.72869873
236,3931,236,247,10,Bihar,STATE,212,Katihar,3057,3071029,619076,1600430,1470599,3750879477,486313.8405,1274702,35.99580002
237,179,237,248,07,NCT of Delhi,UNION TERRITORY,096,West,130,2543243,533221,1356240,1187003,174752969.8,80801.83778,497523,102.8919983
238,2033,238,249,06,Haryana,STATE,087,Mewat,1507,1089263,160280,571162,518101,1982306415,380154.5333,559938,77.36820221
239,2530,239,250,06,Haryana,STATE,083,Jhajjar,1834,958405,185334,514667,443738,2482902731,414504.498,472585,94.71019745
240,6166,240,251,06,Haryana,STATE,081,Bhiwani,4778,1634445,311380,866672,767773,6046917491,496262.7463,443710,63.85760117
241,3080,241,252,06,Haryana,STATE,073,Kaithal,2317,1074304,204274,571003,503301,3045913915,418131.6857,323189,51.5760994
242,3823,242,608,09,Uttar Pradesh,STATE,184,Siddharthnagar,2895,2559297,379351,1295095,1264202,3706448189,365012.1675,755140,56.97219849
243,2291,243,609,09,Uttar Pradesh,STATE,186,Sant Kabir Nagar,1646,1715183,256645,869656,845527,2197811202,380103.2112,868112,72.47530365
244,2718,244,213,20,Jharkhand,STATE,354,Dhanbad,2040,2684487,507064,1405956,1278531,2556734430,245449.2718,1831182,76.09790039
245,4827,245,214,20,Jharkhand,STATE,362,Dumka,3761,1321442,275019,668514,652928,4555697364,414572.0369,1657408,59.32009888
246,2555,246,215,10,Bihar,STATE,210,Kishanganj,1884,1690400,338445,866970,823430,2447787411,423842.5389,1039280,28.40530014
247,6419,247,216,10,Bihar,STATE,236,Gaya,4976,4391418,688425,2266566,2124852,6082229045,646543.5004,1530306,70.97239685
248,3970,248,217,10,Bihar,STATE,225,Banka,3020,2034763,381601,1067140,967623,3765891190,378935.8427,1520832,55.79679871
249,4464,249,218,10,Bihar,STATE,235,Aurangabad,3305,2540073,391898,1318684,1221389,4239872347,404564.1036,1515696,70.06569672
250,3209,250,219,10,Bihar,STATE,237,Nawada,2494,2219146,338247,1144668,1074478,3040421422,404207.2165,1515841,67.33119965
251,3612,251,220,10,Bihar,STATE,209,Araria,2830,2811569,568142,1463333,1348236,3460261636,395384.9766,1050502,33.02890015
252,6810,252,221,10,Bihar,STATE,203,Pashchim Champaran,5228,3935042,710461,2061110,1873932,6592030618,543723.4708,750585,35.66460037
253,4070,253,222,10,Bihar,STATE,216,Muzaffarpur,3172,4801062,945703,2527497,2273565,3905413015,449474.3111,1096166,54.58390045
254,3320,254,223,10,Bihar,STATE,219,Saran,2641,3951862,631097,2022821,1929041,3182012373,396537.965,1154960,65.001297
255,49,255,253,07,NCT of Delhi,UNION TERRITORY,094,New Delhi,35,142004,33208,77942,64062,47750463.05,36315.0994,506815,113.8529968
256,2811,256,254,06,Haryana,STATE,076,Sonipat,2122,1450001,277726,781299,668702,2761370687,335060.2389,417142,60.16939926
257,3338,257,255,06,Haryana,STATE,074,Karnal,2520,1505324,292084,797712,707612,3308770467,384783.0199,344462,65.92060089
258,2242,258,256,06,Haryana,STATE,072,Kurukshetra,1530,964655,188143,510976,453679,2229940834,324499.5186,318205,58.6867981
259,3702,259,257,06,Haryana,STATE,077,Jind,2702,1334152,249736,713006,621146,3657341481,459013.1131,359947,54.6772995
260,1683,260,258,06,Haryana,STATE,075,Panipat,1268,1205437,235640,646857,558580,1664121132,232453.4292,393304,67.59919739
261,2571,261,259,06,Haryana,STATE,084,Mahendragarh,1899,922088,171712,486665,435423,2505652678,455195.4115,535997,68.11100006
262,3245,262,260,06,Haryana,STATE,078,Fatehabad,2538,942011,180637,495360,446651,3207955599,367377.9086,362480,51.48860168
263,1752,263,300,03,Punjab,STATE,039,Shahid Bhagat Singh Nagar,1282,612310,129500,313291,299019,1747795957,282842.0854,231448,60.59230042
264,5877,264,301,29,Karnataka,STATE,573,Mandya,4962,1805769,428625,905085,900684,5181052013,530376.2882,3778083,24.22439957
265,7666,265,302,29,Karnataka,STATE,577,Mysore,6307,3001127,700968,1511600,1489527,6771181971,658172.3218,3810001,20.47459984
266,5057,266,303,29,Karnataka,STATE,582,Chikkaballapura,4244,1255104,284698,636437,618667,4475213549,458338.028,3703528,28.12339973
267,6434,267,304,29,Karnataka,STATE,580,Yadgir,5270,1174271,202063,590329,583942,5781277970,552200.8962,3404860,33.94260025
268,8307,268,305,29,Karnataka,STATE,570,Chikmagalur,7202,1137961,276085,566622,571339,7351288282,537730.6031,3708021,19.30649948
269,10175,269,306,29,Karnataka,STATE,566,Chitradurga,8436,1659456,357003,840843,818613,9040341528,656119.1587,3613020,28.75699997
270,5822,270,307,29,Karnataka,STATE,564,Haveri,4823,1597668,330414,819128,778540,5172715618,462881.5206,3601828,25.04240036
271,6257,271,308,29,Karnataka,STATE,575,Dakshina Kannada,4861,2089649,439733,1034714,1054935,5529237643,459326.9538,3766795,18.05330086
272,10281,272,309,29,Karnataka,STATE,559,Raichur,8442,1928812,363853,964511,964301,9203021447,549298.6856,3455740,33.44010162
273,4923,273,310,29,Karnataka,STATE,581,Kolar,3979,1536401,333348,776396,760005,4352126130,461069.336,3732495,29.2935009
274,12703,274,311,29,Karnataka,STATE,557,Bijapur,10498,2177331,408806,1111022,1066309,11417301884,691300.6013,3334278,33.83179855
275,12529,275,312,29,Karnataka,STATE,563,Uttara Kannada,10277,1437169,324530,726256,710913,11155171353,784388.3303,3568624,23.86009979
276,7172,276,313,29,Karnataka,STATE,567,Davanagere,5924,1945497,410176,986400,959097,6378343031,584974.6385,3622357,23.6352005
277,5118,277,314,29,Karnataka,STATE,562,Dharwad,4260,1847023,382700,937206,909817,4572869146,444261.8021,3552321,27.3852005
278,6689,278,315,29,Karnataka,STATE,558,Bidar,5448,1703300,319937,870665,832635,6042081524,532434.1651,3184696,33.5943985
279,6878,279,316,29,Karnataka,STATE,578,Chamarajanagar,5648,1020791,244874,512231,508560,6041734038,571578.2897,3836788,24.43090057
280,13434,280,317,29,Karnataka,STATE,579,Gulbarga,10954,2566326,471601,1301755,1264571,12094717956,889699.3465,3292045,35.17079926
281,5622,281,318,29,Karnataka,STATE,561,Gadag,4657,1064570,219096,537147,527423,5019774103,560189.841,3533822,27.57679939
282,4306,282,319,29,Karnataka,STATE,569,Udupi,3582,1177361,253078,562131,615230,3810518819,328501.5757,3701093,21.05130005
283,8112,283,320,29,Karnataka,STATE,556,Bagalkot,6552,1889752,361149,950111,939641,7274193188,635989.0414,3428500,31.04019928
284,8150,284,321,29,Karnataka,STATE,574,Hassan,6814,1776421,433453,883667,892754,7187223696,642662.8804,3736229,21.23959923
285,10177,285,322,29,Karnataka,STATE,568,Shimoga,8478,1752753,406816,877415,875338,9025824466,699872.1007,3645842,21.79190063
286,10126,286,323,29,Karnataka,STATE,565,Bellary,8461,2452595,489118,1236954,1215641,9029721446,800254.8953,3539230,31.04800034
287,4946,287,324,29,Karnataka,STATE,576,Kodagu,4102,554519,142716,274608,279911,4353747290,446244.6134,3795746,18.51569939
288,88,288,261,07,NCT of Delhi,UNION TERRITORY,093,East,63,1709346,358937,907500,801846,85998010.07,42495.13579,501446,157.2910004
289,342,289,262,07,NCT of Delhi,UNION TERRITORY,098,South,247,2731929,574133,1467428,1264501,333805250,102356.1579,512343,118.012001
290,594,290,263,07,NCT of Delhi,UNION TERRITORY,090,North West,443,3656539,736253,1960922,1695617,585208083.9,137311.6645,470205,100.6869965
291,537,291,264,07,NCT of Delhi,UNION TERRITORY,097,South West,421,2292958,494439,1246046,1046912,525228147.8,156452.724,502730,95.26319885
292,982,292,265,06,Haryana,STATE,088,Faridabad,741,1809733,358919,966110,843623,960415441.9,168589.093,529051,89.52179718
293,5710,293,266,06,Haryana,STATE,079,Sirsa,4277,1295189,246571,682582,612607,5652992890,483698.9286,344185,52.62580109
294,5572,294,267,06,Haryana,STATE,080,Hisar,3983,1743931,335608,931562,812369,5496381601,505536.5881,386365,48.4552002
295,2812,295,325,29,Karnataka,STATE,583,Bangalore Rural,2298,990923,229279,509172,481751,2487960863,416689.3766,3740396,33.16450119
296,12775,296,326,29,Karnataka,STATE,571,Tumkur,10597,2678980,640081,1350594,1328386,11300585036,1037981.203,3672012,24.04980087
297,16291,297,327,29,Karnataka,STATE,555,Belgaum,13433,4779661,983854,2423063,2356598,14593601409,1063019.302,3403564,31.80500031
298,6855,298,328,29,Karnataka,STATE,560,Koppal,5570,1389920,264595,699926,689994,6120066053,573048.3527,3520235,29.34129906
299,2459,299,329,29,Karnataka,STATE,572,Bangalore,2196,9621551,2393845,5022661,4598890,2168346822,310265.3126,3762892,35.0033989
300,4199,300,330,29,Karnataka,STATE,584,Ramanagara,3516,1082636,260533,548008,534628,3705642753,445223.887,3766343,30.58810043
301,6421,301,331,27,Maharashtra,STATE,502,Washim,4898,1197160,259464,620302,576858,5890913064,605553.0588,2760227,44.86569977
302,21104,302,332,27,Maharashtra,STATE,522,Ahmadnagar,17048,4543159,930024,2342825,2200334,19222376147,1343959.726,2913833,36.68730164
303,8908,303,333,27,Maharashtra,STATE,524,Latur,7157,2454196,481572,1273140,1181056,8076961576,527538.9434,3122326,36.96149826
304,18240,304,334,27,Maharashtra,STATE,526,Solapur,14895,4317756,873167,2227852,2089904,16489029114,1228856.002,3169396,38.17779922
305,19357,305,335,27,Maharashtra,STATE,516,Nashik,15530,6107187,1222887,3157186,2950001,17759728923,883890.031,2736617,33.07550049
306,9302,306,336,27,Maharashtra,STATE,525,Osmanabad,7569,1657576,351281,861535,796041,8430630372,774690.5929,3145945,37.80810165
307,6251,307,337,27,Maharashtra,STATE,529,Sindhudurg,5207,849651,209839,417332,432319,5627202396,628351.3437,3441323,36.5617981
308,9337,308,338,27,Maharashtra,STATE,530,Kolhapur,7685,3876001,840240,1980658,1895343,8390057687,912576.4436,3373952,41.56159973
309,14060,309,339,27,Maharashtra,STATE,509,Chandrapur,11443,2204307,536686,1123834,1080473,12886718380,686450.5699,2765720,50.77059937
310,6742,310,340,27,Maharashtra,STATE,501,Akola,5676,1813906,395690,932334,881572,6213089982,600963.4239,2649646,48.9151001
311,7893,311,341,27,Maharashtra,STATE,513,Parbhani,6214,1836086,361130,942870,893216,7206512741,593285.5189,2946632,41.6753006
312,16821,312,342,27,Maharashtra,STATE,510,Yavatmal,13582,2772348,646886,1419965,1352383,15413204766,959662.1216,2772430,44.27909851
313,13101,313,343,27,Maharashtra,STATE,511,Nanded,10528,3361292,665434,1730075,1631217,11930417324,1075316.077,2925761,40.05609894
314,8984,314,344,27,Maharashtra,STATE,498,Dhule,7195,2050862,408874,1054031,996831,8287834520,633840.5859,2555607,38.14360046
315,12985,315,345,27,Maharashtra,STATE,527,Satara,10480,3003741,653735,1510842,1492899,11734771269,657094.8475,3228487,74.43170166
316,10372,316,346,27,Maharashtra,STATE,531,Sangli,8572,2822143,598386,1435728,1386415,9328893606,885501.8063,3312645,36.89920044
317,5792,317,347,27,Maharashtra,STATE,512,Hingoli,4827,1177345,228868,606294,571051,5297848503,495637.0361,2909204,41.41699982
318,19284,318,348,27,Maharashtra,STATE,521,Pune,15643,9429408,2151503,4924105,4505303,17511133608,1002880.833,3025690,44.01350021
319,30,319,268,07,NCT of Delhi,UNION TERRITORY,095,Central,21,582320,119639,307821,274499,31498639.14,37180.18587,502763,118.6179962
320,2024,320,269,06,Haryana,STATE,085,Rewari,1594,900332,178043,474335,425997,1976786271,343342.9434,534606,72.28420258
321,2331,321,270,06,Haryana,STATE,082,Rohtak,1745,1061204,206988,568479,492725,2290916919,300631.4267,440565,67.24780273
322,1965,322,271,06,Haryana,STATE,070,Ambala,1574,1128350,224334,598703,529647,1964065185,399840.2738,288217,55.26169968
323,153,323,272,04,Chandigarh,UNION TERRITORY,055,Chandigarh,114,1055450,241173,580663,474787,154899172.8,81606.54378,267855,65.0911026
324,6467,324,349,27,Maharashtra,STATE,507,Gondiya,5234,1322507,292369,661554,660953,5951535717,494154.037,2556247,40.51440048
325,15297,325,350,27,Maharashtra,STATE,503,Amravati,12210,2888445,647451,1480768,1407677,14116536119,947934.1059,2519790,46.26549911
326,7406,326,351,27,Maharashtra,STATE,497,Nandurbar,5955,1648295,323521,833170,815125,6853772903,722151.4099,2447507,33.78150177
327,10225,327,352,27,Maharashtra,STATE,528,Ratnagiri,8208,1615069,397115,761121,853948,9211585152,754768.9528,3246513,44.5848999
328,7886,328,353,27,Maharashtra,STATE,504,Wardha,6309,1300774,309846,668385,632389,7254784152,500395.9086,2624019,43.21989822
329,12726,329,354,27,Maharashtra,STATE,515,Aurangabad,10107,3701282,751915,1924469,1776813,11665681422,759012.2654,2777219,40.32630157
330,12166,330,355,27,Maharashtra,STATE,500,Buldana,9661,2586258,561504,1337560,1248698,11169655841,760126.6586,2639741,47.47389984
331,17928,331,356,27,Maharashtra,STATE,508,Gadchiroli,14412,1072942,250435,541328,531614,16397526751,955641.6785,2744602,45.00619888
332,14644,332,357,27,Maharashtra,STATE,499,Jalgaon,11765,4229917,903643,2197365,2032552,13474312694,768328.5814,2609656,39.75939941
333,8545,333,358,27,Maharashtra,STATE,520,Raigarh,7152,2634200,611790,1344345,1289855,7788799903,730771.8066,3070860,55.39770126
334,5237,334,359,27,Maharashtra,STATE,506,Bhandara,4087,1200334,278076,605520,594814,4826292385,461563.5221,2564864,42.51279831
335,13046,335,360,27,Maharashtra,STATE,523,Bid,10693,2585049,535835,1349106,1235943,11874266262,898343.5047,3016994,39.04299927
336,9593,336,361,27,Maharashtra,STATE,514,Jalna,7718,1959046,391701,1011473,947573,8766921814,721126.246,2782343,44.47579956
337,5151,337,362,27,Maharashtra,STATE,517,Thane,9558,11060148,2529165,5865078,5195070,4690678294,429320.4353,2968239,42.22679901
338,6611,338,363,27,Maharashtra,STATE,#N/A,Palghar,0,0,0,0,0,6062383294,483906.0425,2867398,30.46990013
339,1991,339,612,09,Uttar Pradesh,STATE,197,Varanasi,1535,3676841,560162,1921857,1754984,1901560436,296880.1199,1373854,99.07330322
340,86,340,273,07,NCT of Delhi,UNION TERRITORY,092,North East,62,2241624,406125,1188425,1053199,85367263.01,62364.82596,484902,121.5370026
341,4512,341,274,03,Punjab,STATE,048,Patiala,3325,1895686,372293,1002522,893164,4495758156,653694.7307,282252,58.77930069
342,3288,342,275,03,Punjab,STATE,050,Tarn Taran,2414,1119627,203421,589369,530258,3334102959,352815.3639,213560,75.45159912
343,2259,343,276,03,Punjab,STATE,036,Kapurthala,1633,815168,167989,426311,388857,2281437249,475619.174,208562,62.07089996
344,1550,344,277,03,Punjab,STATE,040,Fatehgarh Sahib,1180,600163,118100,320795,279368,1552113422,269370.2733,260892,65.5644989
345,4837,345,278,03,Punjab,STATE,053,Sangrur,3625,1655169,318870,878029,777140,4818089822,563162.8622,276348,62.04809952
346,66,346,364,34,Pondicherry,UNION TERRITORY,634,Yanam,30,55626,13812,27301,28325,64171136.75,68849.67602,3431496,27.34740067
347,5191,347,365,14,Manipur,STATE,273,Tamenglong,4391,140651,25039,72371,68280,4929137147,433022.3024,1413598,31.75090027
348,5062,348,619,09,Uttar Pradesh,STATE,176,Bara Banki,4402,3260699,579058,1707073,1553626,4871166835,522034.7298,795120,87.27200317
349,3946,349,620,09,Uttar Pradesh,STATE,169,Mahoba,3144,875958,158435,466358,409600,3761732543,467935.8664,1357062,53.79510117
350,3819,350,621,09,Uttar Pradesh,STATE,187,Mahrajganj,2952,2684703,426565,1381754,1302949,3693932105,395247.8615,759753,48.60089874
351,5720,351,622,09,Uttar Pradesh,STATE,199,Mirzapur,4405,2496970,394925,1312302,1184668,5431488237,587261.5867,1473018,83.74069977
352,3777,352,623,09,Uttar Pradesh,STATE,189,Kushinagar,2905,3564544,561062,1818055,1746489,3638636711,476575.7455,815029,47.61019897
353,71,353,279,07,NCT of Delhi,UNION TERRITORY,091,North,61,887978,180044,475002,412976,66743907.88,59962.85424,483651,120.0039978
354,1644,354,280,06,Haryana,STATE,086,Gurgaon,1258,1514432,326428,816690,697742,1607540014,270304.9038,523425,87.55879974
355,2325,355,281,06,Haryana,STATE,071,Yamunanagar,1768,1214205,235423,646718,567487,2314342017,320163.4044,295151,57.05960083
356,1779,356,282,06,Haryana,STATE,089,Palwal,1359,1042708,171157,554497,488211,1733616521,268962.0472,571120,90.91819763
357,1233,357,283,06,Haryana,STATE,069,Panchkula,898,561293,117107,299679,261614,1240476960,262953.7473,256949,79.2417984
358,3684,358,374,15,Mizoram,STATE,281,Mamit,3025,86364,17731,44828,41536,3469032324,413631.3338,1769627,22.11779976
359,4217,359,375,14,Manipur,STATE,280,Chandel,3313,144182,28801,74579,69603,4015287413,401290.1123,1657764,21.76720047
360,3324,360,624,09,Uttar Pradesh,STATE,190,Deoria,2540,3100946,468346,1537436,1563510,3200359005,403240.5843,974628,66.2358017
361,5994,361,625,09,Uttar Pradesh,STATE,156,Unnao,4558,3108367,588533,1630087,1478280,5772362933,529629.4151,889289,87.59600067
362,5409,362,626,09,Uttar Pradesh,STATE,172,Fatehpur,4152,2632733,472238,1384722,1248011,5178693922,465629.0662,1154443,86.36499786
363,2038,363,627,09,Uttar Pradesh,STATE,192,Mau,1713,2205968,324424,1114709,1091259,1954324226,298933.9643,1137243,80.52729797
364,5132,364,628,09,Uttar Pradesh,STATE,158,Rae Bareli,4609,3405559,619707,1752542,1653017,4927232870,512568.4277,1021780,88.00340271
365,3408,365,629,09,Uttar Pradesh,STATE,#N/A,Amethi,0,0,0,0,0,3276022952,450068.8534,1002282,82.75209808
366,1277,366,630,09,Uttar Pradesh,STATE,140,Ghaziabad,1179,4681645,850676,2488834,2192811,1253259970,229135.6528,464306,101.2369995
367,3658,367,631,09,Uttar Pradesh,STATE,133,Muzaffarnagar,4008,4143512,676642,2193434,1950078,3621023672,357804.0494,373795,70.4382019
368,1578,368,632,09,Uttar Pradesh,STATE,141,Gautam Buddha Nagar,1282,1648115,327090,890214,757901,1541114719,297896.6711,506840,122.6559982
369,5036,369,633,09,Uttar Pradesh,STATE,132,Saharanpur,3689,3466382,597656,1834106,1632276,4996988033,418988.8069,303297,58.24700165
370,3123,370,634,09,Uttar Pradesh,STATE,161,Etawah,2311,1581810,277527,845856,735954,3007997198,327481.9226,896309,86.69190216
371,5279,371,635,09,Uttar Pradesh,STATE,146,Agra,4041,4418797,710566,2364953,2053844,5103216622,797837.4359,782664,95.44280243
372,4415,372,636,33,Tamil Nadu,STATE,617,Cuddalore,3703,2605914,635578,1311697,1294217,3867819554,495388.3645,3867283,28.50250053
373,1372,373,284,03,Punjab,STATE,#N/A,Pathankot,0,0,0,0,0,1402668814,257665.7934,161786,36.87590027
374,3589,374,285,03,Punjab,STATE,035,Gurdaspur,3551,2298323,443666,1212617,1085706,3641868981,364455.4905,176672,54.46419907
375,2975,375,286,03,Punjab,STATE,047,Mansa,2198,769751,149630,408732,361019,2953229488,366459.6132,322232,54.48130035
376,3639,376,287,03,Punjab,STATE,049,Amritsar,2683,2490656,488898,1318408,1172248,3725630970,427109.5542,184823,50.75600052
377,1877,377,398,13,Nagaland,STATE,270,Kohima,1463,267988,54391,138966,129022,1793505925,243504.0695,1224920,32.68370056
378,1955,378,399,13,Nagaland,STATE,264,Wokha,1628,166343,31891,84505,81838,1871728861,268803.5508,1040001,38.83190155
379,2097,379,400,13,Nagaland,STATE,263,Zunheboto,1255,140757,27835,71217,69540,2007937574,360924.8684,1129677,36.94400024
380,1427,380,401,13,Nagaland,STATE,269,Kiphire,1130,74004,14771,37830,36174,1418137973,239016.8998,1222142,33.9070015
381,1976,381,288,03,Punjab,STATE,045,Faridkot,1458,617508,120893,326671,290837,1985643386,243098.4552,264798,56.56439972
382,5011,382,289,03,Punjab,STATE,041,Ludhiana,3578,3498739,716826,1867816,1630923,5030901992,428173.1907,249318,70.77249908
383,4553,383,290,03,Punjab,STATE,046,Bathinda,3353,1388525,273902,743197,645328,4523527903,463054.5093,285748,53.32870102
384,3549,384,291,03,Punjab,STATE,037,Jalandhar,2624,2193590,461635,1145211,1048379,3569404203,467320.9025,210624,63.30289841
385,3037,385,292,03,Punjab,STATE,042,Moga,2242,995746,193256,525920,469826,3042739567,316425.8286,243956,56.86339951
386,4608,386,293,03,Punjab,STATE,038,Hoshiarpur,3386,1586625,336994,809057,777568,4671283500,471169.3765,183133,44.54980087
387,1069,387,402,13,Nagaland,STATE,265,Dimapur,927,378811,78605,197394,181417,1018061436,237095.533,1233381,38.60400009
388,2305,388,403,13,Nagaland,STATE,271,Peren,1651,95219,18475,49714,45505,2207943420,263294.6355,1330997,38.51879883
389,5376,389,404,12,Arunachal Pradesh,STATE,259,Lohit,5212,145726,30005,76221,69505,5238221330,414993.8749,560823,19.36249924
390,10615,390,405,12,Arunachal Pradesh,STATE,250,West Siang,8325,112274,21231,58168,54106,10373631371,665948.576,450813,13.77690029
391,8251,391,406,12,Arunachal Pradesh,STATE,249,Upper Subansiri,7032,83448,15869,41758,41690,8072346244,531516.3019,497930,15.02270031
392,6365,392,407,12,Arunachal Pradesh,STATE,253,Changlang,4662,148226,29521,76948,71278,6180791474,640123.6159,710685,20.4810009
393,2677,393,408,12,Arunachal Pradesh,STATE,254,Tirap,2362,111975,20611,57604,54371,2587179524,297685.5511,822944,33.34730148
394,3673,394,409,12,Arunachal Pradesh,STATE,255,Lower Subansiri,3508,83030,15249,41843,41187,3569950190,370736.0545,631788,22.47439957
395,8619,395,410,12,Arunachal Pradesh,STATE,247,East Kameng,4134,78690,14508,38775,39915,8386429310,593164.8132,633485,19.52319908
396,9211,396,411,12,Arunachal Pradesh,STATE,252,Upper Siang,6590,35320,7324,18699,16621,9063430780,577013.8561,412006,13.76860046
397,7870,397,412,12,Arunachal Pradesh,STATE,260,Anjaw,6190,21167,4612,11507,9660,7763707755,466323.8449,541298,15.68599987
398,4909,398,413,12,Arunachal Pradesh,STATE,251,East Siang,3603,99214,19107,50116,49098,4792652058,468029.691,519881,18.73550034
399,12566,399,414,12,Arunachal Pradesh,STATE,257,Dibang Valley,9129,8004,1952,4414,3590,12458987416,683308.661,400551,15.46790028
400,8662,400,415,12,Arunachal Pradesh,STATE,256,Kurung Kumey,6040,92076,15037,45318,46758,8446856744,500911.9828,555803,15.20330048
401,6606,401,416,12,Arunachal Pradesh,STATE,246,West Kameng,7422,83947,18159,46155,37792,6462840522,441911.2917,685786,18.13170052
402,4708,402,417,12,Arunachal Pradesh,STATE,258,Lower Dibang Valley,3900,54080,11600,28053,26027,4626779855,461674.1731,522841,16.35090065
403,2984,403,418,12,Arunachal Pradesh,STATE,245,Tawang,2172,49977,10062,29151,20826,2958593649,323022.0292,660516,17.17469978
404,4489,404,419,12,Arunachal Pradesh,STATE,248,Papum Pare,3462,176573,35730,89182,87391,4345045737,469894.2984,714787,21.96019936
405,2557,405,420,18,Assam,STATE,302,Goalpara,1824,1008183,198454,513292,494891,2452587550,362987.213,1149751,24.69039917
406,3123,406,421,18,Assam,STATE,324,Baksa,2457,950075,191701,481330,468745,3010093413,391792.1298,948219,26.80360031
407,5145,407,422,18,Assam,STATE,305,Nagaon,3973,2823768,559340,1439112,1384656,4945620772,780853.6278,992220,39.76779938
408,5556,408,637,33,Tamil Nadu,STATE,621,Pudukkottai,4644,1618345,387679,803188,815157,4862622618,600291.3855,3938367,28.74609947
409,7267,409,638,33,Tamil Nadu,STATE,605,Vellore,6075,3936331,929281,1961688,1974643,6418772322,708772.601,3765245,32.85369873
410,3269,410,639,09,Uttar Pradesh,STATE,196,Chandauli,2541,1952756,296804,1017905,934851,3102603129,379183.841,1387604,86.95870209
411,3563,411,294,03,Punjab,STATE,044,Muktsar,2593,901896,174360,475622,426274,3546507243,387224.2229,278352,53.92509842
412,1869,412,295,03,Punjab,STATE,051,Rupnagar,1356,684627,135635,357485,327142,1871650249,340893.2076,221773,44.69440079
413,2781,413,296,03,Punjab,STATE,043,Firozpur,5305,2029074,385994,1071637,957437,2784820399,346111.4049,239909,59.37149811
414,4396,414,297,03,Punjab,STATE,#N/A,Fazilka,0,0,0,0,0,4386731908,477633.9242,266854,55.51499939
415,1202,415,450,16,Tripura,STATE,289,West Tripura,2993,1725739,410565,879428,846311,1128568790,195162.7742,1812363,34.11019897
416,1904,416,298,03,Punjab,STATE,054,Barnala,1482,595527,115798,317522,278005,1894407379,264056.631,284316,55.49330139
417,1500,417,299,03,Punjab,STATE,052,Sahibzada Ajit Singh Nagar,1094,994628,205411,529253,465375,1492757230,347398.9454,255629,71.59629822
418,100,418,366,27,Maharashtra,STATE,519,Mumbai,157,3085411,674339,1684608,1400803,98552636.28,61247.90628,3083710,53.79299927
419,5584,419,367,15,Mizoram,STATE,286,Lunglei,4536,161428,33058,82891,78537,5221026589,465232.4788,2046849,20.8484993
420,2163,420,368,15,Mizoram,STATE,282,Kolasib,1382,83955,17270,42918,41037,2042390759,271231.5128,1692467,22.70030022
421,3077,421,369,15,Mizoram,STATE,287,Lawngtlai,2557,117894,22984,60599,57295,2876126925,511566.0214,2224605,17.28759956
422,1916,422,370,15,Mizoram,STATE,288,Saiha,1399,56574,11144,28594,27980,1781479288,290542.4984,2278073,21.35230064
423,4297,423,371,15,Mizoram,STATE,284,Champhai,3185,125745,25520,63388,62357,4042920302,390977.9851,1826225,18.46139908
424,2754,424,451,16,Tripura,STATE,291,Dhalai,2400,378230,84509,194544,183686,2596220494,343921.8783,1772178,29.54070091
425,835,425,452,16,Tripura,STATE,#N/A,Unokoti,0,0,0,0,0,792551546.4,190480.6917,1729896,27.20219994
426,1738,426,453,16,Tripura,STATE,292,North Tripura,2036,693947,152355,352860,341087,1630476600,299065.1315,1690065,25.34830093
427,2054,427,454,16,Tripura,STATE,#N/A,Gomati,0,0,0,0,0,1928770790,318845.51,1926731,33.99219894
428,1856,428,455,16,Tripura,STATE,290,South Tripura,3057,876001,208127,447544,428457,1744106512,343269.1191,2036287,32.72309875
429,2521,429,456,17,Meghalaya,STATE,295,South Garo Hills,1887,142334,24527,73170,69164,2401274928,321704.3501,1388357,20.26129913
430,3176,430,457,17,Meghalaya,STATE,297,Ribhoi,2448,258840,46872,132531,126309,3040034904,447000.8579,1193169,47.05260086
431,3562,431,458,17,Meghalaya,STATE,298,East Khasi Hills,2748,825922,164046,410749,415173,3389929170,385717.137,1336350,34.35749817
432,4964,432,459,17,Meghalaya,STATE,296,West Khasi Hills,5247,383461,64906,193715,189746,4726814692,496767.6452,1280463,19.16830063
433,1730,433,460,17,Meghalaya,STATE,#N/A,South West Khasi Hills,0,0,0,0,0,1649576151,316577.4987,1407792,20.23159981
434,3723,434,461,17,Meghalaya,STATE,293,West Garo Hills,3677,643291,123352,324159,319132,3554731142,374756.1243,1230129,23.33659935
435,6598,435,640,09,Uttar Pradesh,STATE,166,Jhansi,5024,1998603,367779,1057436,941167,6291214974,1039938.286,1248601,57.33670044
436,5885,436,641,09,Uttar Pradesh,STATE,170,Banda,4408,1799410,319963,965876,833534,5609834342,709367.1687,1262694,71.97309875
437,8813,437,642,09,Uttar Pradesh,STATE,200,Sonbhadra,6905,1862559,333174,971344,891215,8332509037,572609.544,1577672,57.48529816
438,6486,438,643,09,Uttar Pradesh,STATE,167,Lalitpur,5039,1221592,222094,641011,580581,6143625330,459655.6757,1491656,48.98550034
439,4382,439,644,09,Uttar Pradesh,STATE,195,Ghazipur,3377,3620268,546664,1855075,1765193,4178335314,421657.5246,1268644,77.332901
440,5989,440,645,33,Tamil Nadu,STATE,631,Krishnagiri,5129,1879809,448053,960232,919577,5285175625,608700.7701,3791205,37.72740173
441,6864,441,646,33,Tamil Nadu,STATE,610,Erode,5760,2251744,658071,1129868,1121876,6028380940,601695.7175,3862994,25.18560028
442,5587,442,647,33,Tamil Nadu,STATE,632,Coimbatore,4732,3458045,958035,1729297,1728748,4897218566,514045.6804,3898487,21.72879982
443,2500,443,648,36,Telangana,STATE,T29,Warangal (R),0,718537,187525,360315,358222,2262046569,261896.7724,3215971,31.43840027
444,1743,444,372,15,Mizoram,STATE,285,Serchhip,1421,64937,12622,32851,32086,1634124155,274201.9888,1996521,13.42090034
445,4111,445,373,15,Mizoram,STATE,283,Aizawl,3576,400309,82524,199270,201039,3853192170,461022.2109,1722892,18.75900078
446,516,446,376,27,Maharashtra,STATE,518,Mumbai Suburban,446,9356962,2105604,5031323,4325639,475541676,115457.6661,3047606,65.04340363
447,12435,447,377,27,Maharashtra,STATE,505,Nagpur,9892,4653570,1041544,2384975,2268595,11470050071,634850.059,2531404,40.08150101
448,2076,448,378,30,Goa,STATE,585,North Goa,1736,818008,191766,416677,401331,1856382171,292924.5455,3542227,30.7322998
449,2341,449,379,30,Goa,STATE,586,South Goa,1966,640537,151845,322463,318074,2084646584,339471.8087,3571719,23.47999954
450,4035,450,380,35,Andaman & Nicobar Islands,UNION TERRITORY,639,North  & Middle Andaman,3736,105597,26199,54861,50736,3582827838,1665121.344,3726729,20.52510071
451,2851,451,381,35,Andaman & Nicobar Islands,UNION TERRITORY,640,South Andaman,2672,238142,59064,127283,110859,2521308761,1206604.24,3839651,22.15469933
452,1943,452,382,35,Andaman & Nicobar Islands,UNION TERRITORY,638,Nicobars,1841,36842,9288,20727,16115,1674713335,902199.7665,4005802,20.77179909
453,8063,453,466,21,Orissa,STATE,384,Anugul,6375,1273821,297050,655718,618103,7425561329,620634.4186,2545716,39.93799973
454,90,454,383,34,Pondicherry,UNION TERRITORY,637,Karaikal,157,200222,49705,97809,102413,83675912.67,65543.27751,3922388,21.70800018
455,467,455,384,34,Pondicherry,UNION TERRITORY,635,Puducherry,294,950289,231513,468258,482031,402637826.5,385359.5605,3855052,31.15340042
456,12,456,385,34,Pondicherry,UNION TERRITORY,636,Mahe,9,41816,7420,19143,22673,9324883.123,26339.0994,3876326,18.05279922
457,5903,457,386,14,Manipur,STATE,279,Ukhrul,4544,183998,35694,94718,89280,5638900085,408952.4706,1336663,31.28700066
458,554,458,387,14,Manipur,STATE,275,Bishnupur,496,237399,46580,118782,118617,526751714.4,181096.2164,1634588,22.13689995
459,6186,459,388,14,Manipur,STATE,274,Churachandpur,4570,274143,49089,138820,135323,5887943021,488742.3679,1639159,21.57279968
460,824,460,389,14,Manipur,STATE,276,Thoubal,514,422168,85965,210845,211323,779985738.9,288348.4097,1629988,22.11919975
461,690,461,390,14,Manipur,STATE,278,Imphal East,709,456113,92124,226094,230019,638282449.8,876291.8462,1535724,25.13139915
462,4585,462,391,14,Manipur,STATE,272,Senapati,3271,479148,83411,247323,231825,4371698484,1215027.249,1361373,30.86020088
463,647,463,392,14,Manipur,STATE,277,Imphal West,519,517992,111156,255054,262938,613844622.3,279700.6361,1535713,25.11630058
464,2794,464,393,13,Nagaland,STATE,261,Mon,1786,250260,41978,131753,118507,2723026163,359269.8536,895072,35.23590088
465,2856,465,394,13,Nagaland,STATE,267,Tuensang,2536,196596,36742,101933,94663,2811596023,343202.8213,1071044,33.94459915
466,2115,466,395,13,Nagaland,STATE,262,Mokokchung,1615,194622,42690,101092,93530,2033162111,341413.4251,970054,35.19419861
467,664,467,396,13,Nagaland,STATE,268,Longleng,562,50484,11985,26502,23982,639564230.6,215266.2008,953796,34.31629944
468,2422,468,397,13,Nagaland,STATE,266,Phek,2026,163418,36639,83743,79675,2337357791,336312.8722,1280849,32.65039825
469,1365,469,423,18,Assam,STATE,323,Nalbari,1052,771639,155248,396006,375633,1316656740,226947.3029,1034066,40.39559937
470,3257,470,424,18,Assam,STATE,301,Dhubri,2176,1949258,414674,997848,951410,3117717868,630657.9902,1084879,31.22710037
471,3371,471,425,18,Assam,STATE,311,Sivasagar,2668,1151050,248367,589216,561834,3254926544,355788.2232,830106,33.35229874
472,2374,472,426,18,Assam,STATE,317,Karimganj,1809,1228686,247714,625864,602822,2243827152,276709.5581,1580636,25.53280067
473,5137,473,427,18,Assam,STATE,309,Tinsukia,3790,1327929,268598,680231,647698,4980570483,468075.57,633855,27.01749992
474,10434,474,468,21,Orissa,STATE,398,Koraput,8807,1379647,337677,678809,700838,9491313938,796515.7286,3057484,32.1855011
475,1652,475,428,18,Assam,STATE,318,Hailakandi,1327,659296,143350,337890,321406,1566069789,277424.3753,1592417,26.08469963
476,6698,476,471,21,Orissa,STATE,397,Nabarangapur,5291,1220946,273423,604812,616134,6112597604,564895.7382,2891666,40.3742981
477,7252,477,472,21,Orissa,STATE,370,Bargarh,5837,1481255,370308,749161,732094,6694992044,597731.5811,2527366,39.65620041
478,2074,478,429,18,Assam,STATE,320,Chirang,1923,482162,97395,244860,237302,1990785578,248430.2426,933181,25.97599983
479,4887,479,430,18,Assam,STATE,316,Cachar,3786,1736617,379955,886284,850333,4630951374,463649.6537,1516269,26.33069992
480,2140,480,431,18,Assam,STATE,325,Darrang,1585,928500,187783,475273,453227,2056511865,331694.7748,1003270,35.40829849
481,3811,481,432,18,Assam,STATE,321,Kamrup,3105,1517542,311114,778461,739081,3655926964,479538.4446,1034071,38.76940155
482,4390,482,433,18,Assam,STATE,310,Dibrugarh,3381,1326335,276867,676434,649901,4255521463,457126.1963,712761,30.0685997
483,3055,483,434,18,Assam,STATE,303,Barpeta,2282,1693622,337929,867004,826618,2935772220,385946.4278,1005941,26.59219933
484,8188,484,494,21,Orissa,STATE,393,Balangir,6575,1648997,414749,830097,818900,7536454195,561865.6429,2693096,42.24010086
485,3467,485,435,18,Assam,STATE,308,Dhemaji,3237,686133,129869,351249,334884,3368903875,441089.7931,658817,28.5522995
486,6883,486,436,18,Assam,STATE,306,Sonitpur,5204,1924110,392919,983904,940206,6638163785,502290.7998,889993,31.34869957
487,2695,487,437,18,Assam,STATE,326,Udalguri,2012,831668,168717,421617,410051,2583470324,366096.9129,918643,32.53229904
488,7795,488,522,08,Rajasthan,STATE,103,Jhunjhunun,5928,2137045,384197,1095896,1041149,7605624106,558108.928,527448,60.80879974
489,50358,489,523,08,Rajasthan,STATE,114,Jaisalmer,38401,669919,117171,361708,308211,48729551747,1292279.437,619532,55.90449905
490,10117,490,524,08,Rajasthan,STATE,111,Sikar,7732,2677333,444816,1374990,1302343,9822843207,755961.9742,585633,63.67079926
491,13340,491,525,08,Rajasthan,STATE,100,Hanumangarh,9656,1774692,336192,931184,843508,13158732807,948343.1803,348485,50.78860092
492,23155,492,526,08,Rajasthan,STATE,112,Nagaur,17718,3307743,578809,1696325,1611418,22384609326,1006379.858,697799,69.41130066
493,36806,493,527,08,Rajasthan,STATE,115,Barmer,28387,2603751,451629,1369022,1234729,35187328899,1145148.022,1054296,60.65240097
494,14247,494,528,08,Rajasthan,STATE,099,Ganganagar,10978,1969168,387511,1043340,925828,14079787610,834802.3888,323728,49.48479843
495,29878,495,529,08,Rajasthan,STATE,113,Jodhpur,22850,3687165,649013,1923928,1763237,28788119411,1119998.739,722211,63.70069885
496,18524,496,530,08,Rajasthan,STATE,102,Churu,13835,2039547,348984,1051446,988101,18128342202,1040924.857,453648,54.74349976
497,39850,497,531,08,Rajasthan,STATE,101,Bikaner,30239,2363937,384944,1240801,1123136,38898653811,1208560.916,446696,54.95500183
498,5501,498,532,08,Rajasthan,STATE,131,Pratapgarh,4449,867848,178726,437744,430104,5177607212,462696.8708,1690765,52.27399826
499,1959,499,438,18,Assam,STATE,304,Morigaon,1551,957423,184602,486651,470772,1880268669,238414.0407,1065090,47.94639969
500,13501,500,439,18,Assam,STATE,314,Karbi Anglong,10434,956313,177646,490167,466146,12929304597,1115820.771,1028701,40.92380142
501,3749,501,440,18,Assam,STATE,307,Lakhimpur,2277,1042137,204307,529674,512463,3623693650,391852.8583,753277,28.03949928
502,4153,502,441,18,Assam,STATE,313,Golaghat,3502,1066888,227197,543161,523727,3992530447,516263.6218,964420,37.13690186
503,6337,503,442,18,Assam,STATE,315,Dima Hasao,4888,214102,42252,110802,103300,6033356726,498512.4688,1291799,38.87490082
504,15996,504,539,08,Rajasthan,STATE,118,Pali,12387,2037573,418157,1025422,1012151,15281874041,930367.2203,1071559,80.60350037
505,6078,505,540,08,Rajasthan,STATE,123,Rajsamand,4655,1156597,243078,581339,575258,5772473040,637572.1228,1225550,79.05599976
506,11019,506,541,08,Rajasthan,STATE,119,Ajmer,8481,2583052,494832,1324085,1258967,10577979332,851024.6663,905319,78.3259964
507,6674,507,542,08,Rajasthan,STATE,105,Bharatpur,5066,2548462,425414,1355726,1192736,6444217633,745847.5931,668033,88.17440033
508,4823,508,543,08,Rajasthan,STATE,124,Dungarpur,3770,1388552,282029,696532,692020,4537129820,386684.1686,1843367,43.93199921
509,9763,509,544,08,Rajasthan,STATE,126,Chittaurgarh,7822,1544338,329119,783171,761167,9261237759,994701.1183,1491199,64.6190033
510,15431,510,545,08,Rajasthan,STATE,130,Udaipur,11724,3068420,623531,1566801,1501619,14569642484,805476.7783,1521667,58.31719971
511,13840,511,546,08,Rajasthan,STATE,116,Jalor,10640,1828730,326134,936634,892096,13150197425,784622.0297,1295140,66.20749664
512,4640,512,547,08,Rajasthan,STATE,109,Dausa,3432,1634409,292502,857787,776622,4476334145,514720.217,831173,75.59870148
513,6621,513,548,08,Rajasthan,STATE,117,Sirohi,5136,1036346,201785,534231,502115,6272421843,471897.2251,1469140,59.91120148
514,1424,514,443,18,Assam,STATE,319,Bongaigaon,1093,738804,150018,375818,362986,1371721447,262616.2316,1042368,25.55190086
515,2231,515,444,17,Meghalaya,STATE,#N/A,West Jaintia Hills,0,0,0,0,0,2125956769,317578.4091,1316860,27.42180061
516,5072,516,550,33,Tamil Nadu,STATE,622,Sivaganga,4233,1339101,338938,668672,670429,4421230955,618999.9955,3956936,25.00749969
517,4093,517,551,33,Tamil Nadu,STATE,620,Thanjavur,3411,2405890,605363,1182416,1223474,3572124858,625939.6456,3912178,23.40299988
518,7378,518,552,33,Tamil Nadu,STATE,606,Tiruvannamalai,6188,2464875,588836,1235889,1228986,6506177485,672131.8611,3792759,32.22510147
519,1468,519,445,18,Assam,STATE,322,Kamrup Metropolitan,955,1253938,293112,647585,606353,1406194304,308338.2982,1146988,39.38339996
520,4793,520,553,33,Tamil Nadu,STATE,626,Ramanathapuram,4104,1353445,323905,682658,670787,4200834784,685519.9997,3978831,23.37150002
521,7861,521,554,33,Tamil Nadu,STATE,628,Tirunelveli,6693,3077233,815528,1520912,1556321,6847003231,552431.8965,3999120,19.29030037
522,5062,522,555,33,Tamil Nadu,STATE,625,Virudhunagar,4241,1942288,537748,967709,974579,4421179293,524410.6467,3985234,21.7493
523,4032,523,446,18,Assam,STATE,300,Kokrajhar,3296,887142,181081,452905,434237,3871967367,395427.9456,928285,26.32509995
524,4116,524,447,18,Assam,STATE,312,Jorhat,2851,1092256,236262,556805,535451,3962273264,459000.4597,834921,33.4477005
525,1334,525,448,16,Tripura,STATE,#N/A,Khowai,0,0,0,0,0,1255241144,218538.4253,1777429,30.97999954
526,1362,526,449,16,Tripura,STATE,#N/A,Sipahijula,0,0,0,0,0,1278180624,266445.077,1921343,33.9679985
527,2280,527,462,17,Meghalaya,STATE,294,East Garo Hills,2603,317917,58328,161223,156694,2175286632,252018.5389,1277621,20.3932991
528,1360,528,463,17,Meghalaya,STATE,#N/A,North Garo Hills,0,0,0,0,0,1300450520,299263.8353,1227306,23.00510025
529,2937,529,464,21,Orissa,STATE,392,Subarnapur,2337,610183,151136,311312,298871,2707607260,340496.6342,2668112,39.29150009
530,4380,530,465,21,Orissa,STATE,387,Puri,3479,1698730,367269,865380,833350,4053773736,508116.3471,2875594,39.13560104
531,3765,531,467,21,Orissa,STATE,373,Debagarh,2940,312520,75452,158230,154290,3481347761,404179.4764,2527496,21.57839966
532,759,532,469,17,Meghalaya,STATE,#N/A,South West Garo Hills,0,0,0,0,0,720305484.2,144900.447,1369060,24.09219933
533,2675,533,470,17,Meghalaya,STATE,#N/A,East Jaintia Hills,0,0,0,0,0,2546376786,277079.3359,1394084,22.96030045
534,2144,534,473,21,Orissa,STATE,380,Jagatsinghapur,1668,1136971,261307,577865,559106,1983425534,246622.0377,2833767,40.11759949
535,10055,535,474,21,Orissa,STATE,390,Kandhamal,8021,733110,172022,359945,373165,9222335121,648721.5599,2774858,36.96569824
536,3495,536,475,21,Orissa,STATE,386,Khordha,2813,2251673,494212,1167137,1084536,3211831520,608308.9764,2827044,40.14630127
537,13152,537,476,21,Orissa,STATE,376,Mayurbhanj,10418,2519738,586253,1256213,1263525,12193372372,771108.269,2291678,57.43370056
538,7155,538,477,21,Orissa,STATE,399,Malkangiri,5791,613192,137599,303624,309568,6487323198,505649.2046,3138355,27.63969994
539,4595,539,478,21,Orissa,STATE,377,Baleshwar,3806,2320529,533001,1185787,1134742,4257354664,525463.6183,2463225,42.01169968
540,8213,540,479,21,Orissa,STATE,372,Sambalpur,6624,1041099,249597,526877,514222,7580276229,650863.9016,2402922,40.24089813
541,5032,541,480,21,Orissa,STATE,389,Gajapati,4325,577817,128523,282882,294935,4588033312,475324.3072,2983349,31.93560028
542,5476,542,481,21,Orissa,STATE,383,Dhenkanal,4452,1192811,279364,612593,580218,5045804443,431577.3959,2666342,44.2521019
543,4923,543,482,21,Orissa,STATE,385,Nayagarh,3890,962789,228315,502636,460153,4505631875,443261.189,2796860,36.81200027
544,4660,544,483,21,Orissa,STATE,381,Cuttack,3932,2624470,579170,1352760,1271710,4288202754,621668.7646,2775052,42.05599976
545,3697,545,484,21,Orissa,STATE,382,Jajapur,2899,1827192,407851,926034,901158,3396764222,438507.1861,2670323,43.61050034
546,9810,546,485,21,Orissa,STATE,395,Kalahandi,7920,1576869,401251,787101,789768,8975505984,640124.5923,2821760,39.02730179
547,3889,547,486,21,Orissa,STATE,391,Baudh,3098,441162,106961,221625,219537,3576222049,424551.8601,2730528,37.41659927
548,3053,548,487,21,Orissa,STATE,379,Kendrapara,2644,1440361,321934,717814,722547,2802746789,405034.6225,2752487,37.73960114
549,10413,549,488,21,Orissa,STATE,375,Kendujhar,8303,1801733,405272,906487,895246,9637344913,673264.1799,2410349,41.13410187
550,10419,550,489,21,Orissa,STATE,388,Ganjam,8206,3529031,758267,1779218,1749813,9524027073,675028.5262,2857121,35.60710144
551,12240,551,490,21,Orissa,STATE,374,Sundargarh,9712,2093437,479109,1061147,1032290,11373292012,827414.0883,2303241,36.48939896
552,3073,552,491,21,Orissa,STATE,378,Bhadrak,2505,1506337,306333,760260,746077,2835669171,365174.2468,2652732,42.97990036
553,4818,553,492,21,Orissa,STATE,394,Nuapada,3852,610382,152210,301962,308420,4418703419,429313.5155,2687299,46.38970184
554,9127,554,493,21,Orissa,STATE,396,Rayagada,7073,967911,226144,471960,495951,8319279787,760130.203,2918198,35.54570007
555,2651,555,495,21,Orissa,STATE,371,Jharsuguda,2114,579505,136061,296690,282815,2462336882,364254.7013,2443947,38.37730026
556,3282,556,496,22,Chhatisgarh,STATE,#N/A,Bemetra,0,0,0,0,0,3045960297,359109.7476,2450731,41.49580002
557,6440,557,497,22,Chhatisgarh,STATE,414,Bastar,10470,1413199,311538,698487,714712,5856644458,472221.7884,2998287,35.30500031
558,2685,558,556,33,Tamil Nadu,STATE,619,Thiruvarur,2274,1264277,327219,626693,637584,2372001464,437610.2864,3921886,22.82939911
559,4047,559,557,33,Tamil Nadu,STATE,602,Thiruvallur,3394,3728104,946949,1876062,1852042,3587749936,568880.3626,3736017,37.88629913
560,3207,560,498,22,Chhatisgarh,STATE,#N/A,Mungeli,0,0,0,0,0,2986616942,348937.8282,2267863,31.07290077
561,7875,561,499,22,Chhatisgarh,STATE,406,Bilaspur,8272,2663629,600822,1351574,1312055,7323597112,595963.7612,2132035,31.20709991
562,6066,562,500,22,Chhatisgarh,STATE,#N/A,Gariaband,0,0,0,0,0,5576807458,528346.0994,2683387,52.73149872
563,5321,563,501,22,Chhatisgarh,STATE,407,Kabeerdham,4235,822526,178446,412058,410468,4947403705,407434.5312,2302922,31.17429924
564,6958,564,502,22,Chhatisgarh,STATE,#N/A,Sukma,0,0,0,0,0,6304622554,546197.4128,3132736,27.99580002
565,8951,565,503,22,Chhatisgarh,STATE,413,Uttar Bastar Kanker,7161,748941,160937,373338,375603,8216854477,661368.5175,2801468,43.97729874
566,4966,566,504,22,Chhatisgarh,STATE,#N/A,Baloda Bazar,0,0,0,0,0,4611457175,466789.8404,2513498,47.39860153
567,4263,567,505,22,Chhatisgarh,STATE,#N/A,Balod,0,0,0,0,0,3924389880,395595.2876,2690935,46.99710083
568,5350,568,558,33,Tamil Nadu,STATE,614,Tiruchirappalli,4509,2722290,698404,1352284,1370006,4702329326,726000.0114,3898654,25.85350037
569,6159,569,559,33,Tamil Nadu,STATE,633,Tiruppur,5187,2479052,712210,1246159,1232893,5403421222,642711.9104,3902045,23.15270042
570,4387,570,560,33,Tamil Nadu,STATE,623,Madurai,3710,3038252,794887,1526475,1511777,3836741578,497581.6334,3962777,24.49329948
571,3447,571,561,33,Tamil Nadu,STATE,613,Karur,2904,1064493,287095,528184,536309,3022442875,442978.4995,3917350,25.69470024
572,5542,572,562,33,Tamil Nadu,STATE,630,Dharmapuri,4497,1506843,375873,774303,732540,4881948347,501499.7381,3818825,30.38949966
573,4069,573,563,33,Tamil Nadu,STATE,609,Namakkal,3420,1726601,475511,869280,857321,3568253584,394456.2917,3887270,26.99200058
574,3109,574,564,09,Uttar Pradesh,STATE,135,Moradabad,3718,4772006,796170,2503186,2268820,3052695302,384174.1419,418349,71.3844986
575,3265,575,565,09,Uttar Pradesh,STATE,#N/A,Sambhal,0,0,0,0,0,3193960940,388169.2604,477638,95.11060333
576,5604,576,566,09,Uttar Pradesh,STATE,149,Budaun,5168,3681896,615776,1967759,1714137,5462034220,444458.8806,533483,94.55149841
577,2663,577,567,09,Uttar Pradesh,STATE,202,Kanshiram Nagar,1955,1436719,237903,764165,672554,2585278437,326533.5201,618570,94.75759888
578,6441,578,568,09,Uttar Pradesh,STATE,180,Bahraich,5237,3487731,603754,1843884,1643847,6250830061,616139.2033,546773,69.21640015
579,1420,579,569,09,Uttar Pradesh,STATE,#N/A,Hapur,0,0,0,0,0,1389678556,248223.3011,472701,88.21340179
580,7593,580,570,09,Uttar Pradesh,STATE,154,Sitapur,5743,4483992,801764,2375264,2108728,7375809831,566828.2043,648455,77.33869934
581,1787,581,571,09,Uttar Pradesh,STATE,#N/A,Samli,0,0,0,0,0,1769381671,230389.0654,375401,71.47000122
582,3540,582,506,22,Chhatisgarh,STATE,416,Dakshin Bastar Dantewada,8298,533638,120850,264142,269496,3214061802,407481.9544,3055906,32.80929947
583,6200,583,507,22,Chhatisgarh,STATE,401,Surguja,15732,2359886,526049,1193129,1166757,5787707220,518190.8778,2087836,35.34970093
584,9786,584,508,22,Chhatisgarh,STATE,#N/A,Balrampur,0,0,0,0,0,9188185833,845736.4612,1817153,44.58760071
585,6413,585,509,22,Chhatisgarh,STATE,#N/A,Kondagaon,0,0,0,0,0,5872827416,482913.8338,2875081,42.10250092
586,2563,586,572,09,Uttar Pradesh,STATE,181,Shrawasti,1640,1117361,188289,593897,523464,2494064806,299797.9159,640889,65.9434967
587,4751,587,510,22,Chhatisgarh,STATE,415,Narayanpur,4653,139820,27982,70104,69716,4335819155,458402.1306,2922817,39.9939003
588,2851,588,511,22,Chhatisgarh,STATE,409,Durg,8535,3343872,701707,1682101,1661771,2630705891,332844.1114,2581967,42.04499817
589,4009,589,512,22,Chhatisgarh,STATE,#N/A,Surajpur,0,0,0,0,0,3761433603,462943.7013,1909841,44.19179916
590,11282,590,513,22,Chhatisgarh,STATE,417,Bijapur,8530,255230,54757,128663,126567,10258489340,653942.0779,3025022,34.00859833
591,4405,591,585,09,Uttar Pradesh,STATE,145,Mathura,3340,2547184,423125,1367125,1180059,4289546440,383155.9684,634773,90.58429718
592,3239,592,586,09,Uttar Pradesh,STATE,201,Etah,2431,1774480,290683,947339,827141,3141878981,480878.0771,678727,97.22589874
593,7885,593,587,09,Uttar Pradesh,STATE,155,Hardoi,5986,4092845,730442,2191442,1901403,7638443380,578336.4863,678912,88.37239838
594,4255,594,588,09,Uttar Pradesh,STATE,182,Balrampur,3349,2148665,323881,1114721,1033944,4126801741,419679.6488,664503,53.61159897
595,2337,595,589,09,Uttar Pradesh,STATE,144,Mahamaya Nagar,1840,1564708,260860,836127,728581,2259934436,337136.4894,668184,95.40589905
596,5908,596,590,09,Uttar Pradesh,STATE,152,Shahjahanpur,4388,3006538,527501,1606403,1400135,5760245896,583046.5692,554128,79.30310059
597,2866,597,591,09,Uttar Pradesh,STATE,159,Farrukhabad,2181,1885204,314144,1006240,878964,2780189976,312742.263,696132,91.94429779
598,2717,598,592,09,Uttar Pradesh,STATE,160,Kannauj,2093,1656616,280928,881776,774840,2628291496,308680.2127,833894,90.80999756
599,5017,599,593,09,Uttar Pradesh,STATE,151,Pilibhit,3686,2031007,362573,1072002,959005,4906835718,549467.54,470530,72.29370117
600,3456,600,594,09,Uttar Pradesh,STATE,148,Mainpuri,2760,1868529,313690,993377,875152,3342909915,303429.2088,763889,96.2437973
601,3032,601,595,09,Uttar Pradesh,STATE,137,Jyotiba Phule Nagar,2249,1840221,314401,963449,876772,2978614656,323160.5597,442894,94.66719818
602,3616,602,514,22,Chhatisgarh,STATE,410,Raipur,12383,4063872,871225,2048186,2015686,3327677530,291216.4669,2558631,53.17850113
603,8415,603,515,22,Chhatisgarh,STATE,400,Koriya,6604,658917,153274,334737,324180,7899438966,569217.8338,1874432,34.03620148
604,5049,604,516,22,Chhatisgarh,STATE,412,Dhamtari,4084,799781,170951,397897,401884,4644724671,427136.1042,2702350,54.77659988
605,8342,605,517,22,Chhatisgarh,STATE,404,Korba,6598,1206640,280073,612915,593725,7777005387,486544.0421,2167855,30.76460075
606,8844,606,518,22,Chhatisgarh,STATE,403,Raigarh,7086,1493984,367962,750278,743706,8212544207,691846.3518,2228572,33.72370148
607,7348,607,519,22,Chhatisgarh,STATE,402,Jashpur,5838,851669,192570,424747,426922,6861192589,503175.2535,2093078,37.74169922
608,5835,608,520,22,Chhatisgarh,STATE,411,Mahasamund,4790,1032754,248561,511967,520787,5378795724,508190.3641,2578011,45.01789856
609,10092,609,521,22,Chhatisgarh,STATE,408,Rajnandgaon,8070,1537133,318488,762855,774278,9296589855,741785.3991,2501899,37.86500168
610,5711,610,533,22,Chhatisgarh,STATE,405,Janjgir-Champa,3853,1619707,364532,815717,803990,5285399416,405992.1933,2380709,38.25550079
611,13528,611,534,08,Rajasthan,STATE,122,Bhilwara,10455,2408523,498125,1220736,1187787,12902845677,777121.4675,1245257,77.36990356
612,9416,612,535,08,Rajasthan,STATE,120,Tonk,7194,1421326,266870,728136,693190,9029421949,710641.8587,1035113,70.80599976
613,7513,613,536,08,Rajasthan,STATE,121,Bundi,5776,1110906,220768,577160,533746,7166785904,509537.6199,1270508,67.75450134
614,14796,614,537,08,Rajasthan,STATE,110,Jaipur,11143,6626178,1177096,3468507,3157671,14271614699,863356.1037,659680,69.03520203
615,6810,615,538,08,Rajasthan,STATE,127,Kota,5217,1951014,396501,1021161,929853,6459591109,657062.4714,1284462,63.98860168
616,2342,616,549,33,Tamil Nadu,STATE,616,Ariyalur,1940,754894,197090,374703,380191,2056503320,250238.2277,3898251,23.99629974
617,3392,617,573,33,Tamil Nadu,STATE,624,Theni,2868,1245899,338112,625683,620216,2958349353,324399.5558,3966597,19.97940063
618,6246,618,574,33,Tamil Nadu,STATE,608,Salem,5237,3482056,915967,1781571,1700485,5488418543,650048.4761,3861906,26.41600037
619,3139,619,596,09,Uttar Pradesh,STATE,147,Firozabad,2407,2498156,414266,1332046,1166110,3043456982,371931.0551,752358,91.2365036
620,3203,620,597,09,Uttar Pradesh,STATE,179,Sultanpur,4436,3797117,623523,1914586,1882531,3070385890,410804.0706,1055554,88.54869843
621,4013,621,598,09,Uttar Pradesh,STATE,171,Chitrakoot,3216,991730,168232,527721,464009,3814588887,565137.4573,1384601,63.58039856
622,3578,622,599,09,Uttar Pradesh,STATE,185,Basti,2688,2464464,382212,1255272,1209192,3451639085,349819.0716,863238,75.40779877
623,4379,623,600,09,Uttar Pradesh,STATE,188,Gorakhpur,3321,4440895,692960,2277777,2163118,4226372629,525158.9628,858483,70.51570129
624,3315,624,601,09,Uttar Pradesh,STATE,157,Lucknow,2528,4589838,860703,2394476,2195362,3201368958,372497.7374,853403,92.30680084
625,5670,625,602,09,Uttar Pradesh,STATE,191,Azamgarh,4054,4613913,665232,2285004,2328909,5437156004,503746.6707,1087039,93.68039703
626,3491,626,603,09,Uttar Pradesh,STATE,177,Faizabad,2341,2470996,423375,1259628,1211368,3357455343,381786.844,937553,82.30740356
627,2065,627,575,33,Tamil Nadu,STATE,615,Perambalur,1756,565223,149243,282157,283066,1811316277,264816.4097,3892095,25.60659981
628,7223,628,576,33,Tamil Nadu,STATE,612,Dindigul,6036,2159775,560773,1080938,1078837,6314005727,590246.2252,3932333,24.9946003
629,3490,629,577,09,Uttar Pradesh,STATE,138,Meerut,2559,3443689,579110,1825743,1617946,3436343216,321461.1562,421101,107.2900009
630,4642,630,578,09,Uttar Pradesh,STATE,143,Aligarh,3650,3673889,611371,1951996,1721893,4518476247,469817.3843,591003,91.82689667
631,5014,631,579,09,Uttar Pradesh,STATE,142,Bulandshahr,4512,3499171,587529,1845260,1653911,4913136550,365165.1293,497641,99.48970032
632,5866,632,580,09,Uttar Pradesh,STATE,134,Bijnor,4561,3682713,633197,1921215,1761498,5790143453,419063.8006,365366,67.21829987
633,1794,633,581,09,Uttar Pradesh,STATE,139,Baghpat,1321,1303048,209916,700070,602978,1768560772,230844.6319,416263,86.22930145
634,10186,634,582,09,Uttar Pradesh,STATE,153,Kheri,7680,4021243,745077,2123187,1898056,9934773819,743443.1275,499206,69.17279816
635,3310,635,583,09,Uttar Pradesh,STATE,136,Rampur,2367,2335819,393736,1223889,1111930,3258497463,386680.2709,431360,69.17569733
636,5062,636,584,09,Uttar Pradesh,STATE,150,Bareilly,4120,4448359,756784,2357665,2090694,4959199530,437229.0977,468115,72.23930359
637,2334,637,610,09,Uttar Pradesh,STATE,174,Kaushambi,1779,1599596,277851,838485,761111,2221674204,281242.0616,1296169,72.5923996
638,5852,638,611,09,Uttar Pradesh,STATE,165,Jalaun,4565,1689974,288338,906092,783882,5611960782,515158.8056,1077891,69.68460083
639,2618,639,613,09,Uttar Pradesh,STATE,162,Auraiya,2016,1379545,248197,740040,639505,2522289795,287155.7149,913040,88.89759827
640,4809,640,614,09,Uttar Pradesh,STATE,173,Pratapgarh,3717,3209141,533546,1606085,1603056,4603369888,535949.2531,1171952,83.52220154
641,5348,641,615,09,Uttar Pradesh,STATE,168,Hamirpur,4021,1104285,204863,593537,510748,5113468277,534371.5815,1177529,74.49939728
642,5280,642,616,09,Uttar Pradesh,STATE,183,Gonda,4003,3433919,541247,1787146,1646773,5110831791,479903.4312,771241,72.02290344
643,4168,643,617,09,Uttar Pradesh,STATE,163,Kanpur Dehat,3021,1796184,329817,963255,832929,3995519781,374281.3425,949931,84.20809937
644,5217,644,618,09,Uttar Pradesh,STATE,194,Jaunpur,4038,4494204,663513,2220465,2273739,4989832665,534183.0147,1166287,93.67179871
645,210,645,649,33,Tamil Nadu,STATE,603,Chennai,175,4646732,1154982,2335844,2310888,185956515.2,72099.55503,3770193,75.11270142
646,3053,646,650,33,Tamil Nadu,STATE,618,Nagapattinam,2569,1616450,413837,798127,818323,2681773456,469892.5384,3898312,22.69479942
647,8617,647,651,33,Tamil Nadu,STATE,607,Viluppuram,7194,3458873,800368,1740819,1718054,7579342362,844015.0829,3826856,29.29529953
648,5354,648,652,33,Tamil Nadu,STATE,604,Kancheepuram,4483,3998252,1006245,2012958,1985294,4716386935,425113.6781,3777791,38.45370102
649,5747,649,653,08,Rajasthan,STATE,125,Banswara,4522,1797485,367797,907754,889731,5390800555,422841.0171,1873567,42.93009949
650,2042,650,654,33,Tamil Nadu,STATE,629,Kanniyakumari,1684,1870374,483539,926345,944029,1772542368,229803.1356,4022577,23.03779984
651,5620,651,655,33,Tamil Nadu,STATE,627,Thoothukkudi,4745,1750176,462010,865021,885155,4895938555,473538.0743,4000787,24.04920006
652,7060,652,656,09,Uttar Pradesh,STATE,175,Allahabad,5482,5954391,976733,3131807,2822584,6713460198,584780.1419,1315769,85.53700256
653,2944,653,657,33,Tamil Nadu,STATE,611,The Nilgiris,2565,735394,197653,360143,375251,2580412556,318945.806,3882330,19.39999962
654,8006,654,658,08,Rajasthan,STATE,129,Jhalawar,6219,1411129,283295,725143,685986,7568031355,786393.0038,1590959,58.55220032
655,10916,655,659,08,Rajasthan,STATE,104,Alwar,8380,3674179,639720,1939026,1735153,10611645401,959753.1074,582535,98.79920197
656,8478,656,660,08,Rajasthan,STATE,128,Baran,6992,1222755,241428,633945,588810,8058736005,664332.3336,1419937,56.99580002
657,6344,657,661,08,Rajasthan,STATE,107,Karauli,5524,1458248,262503,783639,674609,6102697967,502101.3986,907944,71.37770081
658,3953,658,662,08,Rajasthan,STATE,106,Dhaulpur,3033,1206516,203754,653647,552869,3804890725,420206.9625,912891,96.86799622
659,6514,659,663,08,Rajasthan,STATE,108,Sawai Madhopur,4498,1335551,254716,704031,631520,6255282200,531116.5765,1001670,70.53890228
660,2933,660,664,36,Telangana,STATE,T5,Jangaon,0,566376,139238,283648,282728,2660089890,342523.6286,3234355,32.77170181
661,4643,661,665,36,Telangana,STATE,T14,Mancherial,0,807037,206983,408272,398765,4222205701,419700.7787,3044028,41.05419922
662,11924,662,666,36,Telangana,STATE,T2,Bhadradri,0,1069261,279190,532390,536871,10770653470,652270.7148,3220091,26.54529953
663,342,663,667,36,Telangana,STATE,T3,Hydrabad,0,3943323,849051,2018575,1924748,310241925,114763.0132,3328721,47.36700058
664,2614,664,668,36,Telangana,STATE,T9,Karimnagar,0,1005711,258485,504620,501091,2372468853,260296.1179,3150527,34.32529831
665,5312,665,669,36,Telangana,STATE,T20,Nizamabad,0,1571022,369031,768477,802545,4830053122,334053.6409,3092908,31.31979942
666,3444,666,670,36,Telangana,STATE,T15,Medak,0,767428,168677,378654,388774,3120221698,334757.846,3223750,34.19229889
667,6206,667,671,36,Telangana,STATE,T23,Rangareddy,0,2446265,563565,1254184,1192081,5587854030,482012.0633,3327481,39.71360016
668,8763,668,672,36,Telangana,STATE,T18,Nalgonda,0,1618416,401728,818306,800110,7884287330,463036.4786,3351011,35.59949875
669,7510,669,673,36,Telangana,STATE,T17,Nagarkurnool,0,861766,196261,437986,423780,6746030542,518027.5616,3423442,34.16210175
670,5046,670,674,36,Telangana,STATE,T1,Adilabad,0,708972,156683,356407,352565,4606403733,362897.2568,2929062,39.99580002
671,5564,671,675,36,Telangana,STATE,T11,Komaram Bheem,0,515812,120420,258197,257615,5069175859,442389.9889,2985838,46.87419891
672,4599,672,676,36,Telangana,STATE,T19,Nirmal,0,709418,165763,346721,362697,4192398509,434664.4022,3035048,33.97100067
673,3477,673,677,36,Telangana,STATE,T4,Jagtial,0,985417,253619,484079,501338,3158495276,253114.77,3081574,34.99369812
674,4416,674,678,36,Telangana,STATE,T8,Kamareddy,0,972625,222513,478389,494236,4006085752,422130.9187,3168315,32.35240173
675,1242,675,679,36,Telangana,STATE,T30,Warangal (U),0,1080858,269180,541301,539557,1124521495,200529.3116,3217285,32.2478981
676,8770,676,680,36,Telangana,STATE,T6,Jayashankar,0,711434,189622,354203,357231,7947654898,476147.9166,3114293,34.65069962
677,2864,677,681,36,Telangana,STATE,T21,Peddapalli,0,795332,209677,399325,396007,2601359537,236133.8066,3115641,37.34909821
678,2234,678,682,36,Telangana,STATE,T22,Rajanna Sircilla,0,552037,138992,274109,277928,2023970332,201153.0838,3154657,34.43740082
679,5392,679,683,36,Telangana,STATE,T24,Sangareddy,0,1527628,329208,777235,750393,4868027651,565894.8252,3213063,33.83470154
680,4579,680,684,36,Telangana,STATE,T25,Siddipet,0,1012065,238049,504141,507924,4136379242,346845.9923,3195755,37.09799957
681,4394,681,685,36,Telangana,STATE,T12,Mahabubabad,0,774549,195889,388058,386491,3969766833,337501.0685,3240912,26.89509964
682,5706,682,686,36,Telangana,STATE,T10,Khammam,0,1401639,382929,699124,702515,5141680050,572514.7545,3316920,29.23740005
683,4245,683,687,36,Telangana,STATE,T26,Suryapet,0,1099560,285691,550974,548586,3822806934,317940.6244,3327656,34.08259964
684,3059,684,688,36,Telangana,STATE,T7,Jogulamba,0,609990,132261,309274,300716,2743274972,257817.2668,3482974,30.54400063
685,4206,685,689,36,Telangana,STATE,T31,Yadadri,0,739448,180677,374719,364729,3788219773,352895.1837,3286151,36.72449875
686,1305,686,690,36,Telangana,STATE,T16,Medchal,0,2440073,593697,1246666,1193407,1175347565,208224.323,3300866,37.40919876
687,2760,687,691,36,Telangana,STATE,T28,Wanaparthy,0,577758,123544,294833,282925,2471574611,289440.3151,3449393,34.1432991
688,4415,688,692,36,Telangana,STATE,T27,Vikarabad,0,927140,194956,463350,463790,3978808365,372343.0483,3309350,35.1427002
689,6257,689,693,36,Telangana,STATE,T13,Mahabubnagar,0,1486777,300508,745101,741676,5627610452,442067.9573,3393025,38.77289963
690,20739,690,41,01,Ladakh,STATE,004,Kargil,14036,140802,18338,77785,63017,21526165823,1151337.471,8868,34.17290115
691,68183,691,34,01,Ladakh,STATE,003,Leh (Ladakh),45110,133487,21909,78971,54516,1.18115E+11,2283245.867,2,30.16419983
